results,scores,avg_rouge1,avg_rougeL
"{'id': 0, 'model': 'Qwen2.5-1.5B-Instruct', 'question': ""Anayasa madde 1'e göre, türkiye'nin devlet şekli nedir"", 'reference': ""Anayasa madde 1'e göre, türkiye'nin devlet şekli cumhuriyettir. bu madde, türkiye'nin yönetim biçiminin halkın egemenliğine dayandığını ve bu yönetim biçiminin cumhuriyet olduğunu belirler. cumhuriyet, halkın kendi kendini yönetme biçimi olarak kabul edilir ve türkiye cumhuriyeti'nin temel yönetim ilkesi olarak anayasal güvence altına alınmıştır."", 'prediction': 'Türkiye\'nin devlet şeklidir genellikle Anayasada yer alır. Türkiye\'de devletin temel özelliklerinden biri olarak, Anayasada ""Devlet"" adı altında anlaşılmaktadır.\n\nDevlet, halka açık ve halkın yasalara dayanıklı bir yapıdır. Bu yapının temel özellikleri arasında:\n\n1. Halkın hakları: Devlet, halka açık bir şekilde haklara sahiptir.\n2. Kral (Sultan): Devlet\'in başkalarına ve halka açık bir şekilde yasalara dayanıklı bir yöneticidir.\n3. Parlamento: Devletin önemli sorunların çözümlerini ilgilendiren mekanlardır.\n4. Sivil yetkiler: Devletin yasalara dayanıklı bir şekilde görev yapmak için gereken yetkilerdir.\n\nTürkiye\'nin devlet sisteminin tamamını ve her ayrıntısını belirtmek için, daha detaylı bir anayasaya başvurmanız önerilir.'}","{'rouge1': Score(precision=0.1984732824427481, recall=0.38235294117647056, fmeasure=0.26130653266331655), 'rouge2': Score(precision=0.06923076923076923, recall=0.13432835820895522, fmeasure=0.09137055837563451), 'rougeL': Score(precision=0.11450381679389313, recall=0.22058823529411764, fmeasure=0.15075376884422112)}",0.24712252126401751,0.15741628363558732
"{'id': 1, 'model': 'Qwen2.5-1.5B-Instruct', 'question': ""Anayasa madde 1'de belirtilen cumhuriyetin tanımı nedir"", 'reference': ""Anayasa madde 1'de belirtilen cumhuriyet, halkın egemenliğinin temsilcileri aracılığıyla yönetildiği bir devlet şeklidir. cumhuriyet rejiminde, devlet başkanı ve diğer yöneticiler halk tarafından seçilir ve belirli bir süre için görev yaparlar. bu yönetim biçimi, monarşi gibi kalıtsal yönetim biçimlerine karşıdır ve halkın yönetime doğrudan katılımını sağlar."", 'prediction': ""Anayasa Madde 1, Türkiye Cumhuriyeti'nin tanımını temsil eder ve bu tanım, Türkiye Cumhuriyeti'nin doğuşunu, bütünlüğünü ve insan haklarını içeriyor.\n\nTanımda şunları içerecektir:\n\n1. Türkiye'nin doğuşu: Türkiye'nin 29 Ekim 1983 tarihinde kurulduğu.\n2. Türkiye'nin bütünlüğü: Türkiye'nin bütünlükünü korumak için genel kurumsal düzenlemeleri ve yasaları sunmak.\n3. İnsan hakları: İnsanların özgürlüğü, insan haklarının tutulduğu yasaları ve insan haklarının korunması amacıyla yarattığı düzenlemeleri içerir.\n4. İslam dininin önemi: İslam dininin önemi de anayasa madde 1'ün içerdiği önemli bir yönüdür.\n\nBu tanım, Türkiye'nin 1983 yılında kurulan devletin doğumu, bütünlüğünü ve insan haklarına olan saygıda bulunduğunu gösterir. Bu anayasa madde 1, Türkiye'nin hukuki yapısı ve değerleri hakkında önemli bilgi vermektedir.""}","{'rouge1': Score(precision=0.14606741573033707, recall=0.3466666666666667, fmeasure=0.20553359683794467), 'rouge2': Score(precision=0.02824858757062147, recall=0.06756756756756757, fmeasure=0.0398406374501992), 'rougeL': Score(precision=0.08426966292134831, recall=0.2, fmeasure=0.11857707509881422)}",0.24712252126401751,0.15741628363558732
"{'id': 2, 'model': 'Qwen2.5-1.5B-Instruct', 'question': 'Anayasa madde 1, cumhuriyetin ilan edilmesini neden önemli görmüştür', 'reference': ""Anayasa madde 1, cumhuriyetin ilan edilmesini, halkın egemenliğinin vurgulanması ve demokrasiye geçişin sağlanması açısından önemli görmüştür. cumhuriyetin ilanı, osmanlı i̇mparatorluğu'nun monarşik yönetim biçiminden demokratik bir yönetime geçişi simgeler. bu değişiklik, halkın kendi kaderini belirleme hakkını ve devletin halkın iradesi doğrultusunda yönetilmesi gerektiğini vurgular."", 'prediction': ""Anayasa madde 1, Türkiye Cumhuriyeti'nin kurulmasının temel hukuki yapısı olarak kabul edilen bir anayasal maddıdır. Bu madde, ülkenin varlığı, kuvvetlerinin kontrolü ve insan hakları gibi temel sorunların çözümünde önemli rol oynayan bir anaya sahiptir.\n\nİlanetleme, Türkiye'nin cumhuriyeti kurulumu sürecindeki temel aşamadır. Bu süreç, ülkedeki tüm sosyal ve politik sistemleri düzenlemek için gerekli olan ilk bir hukuki kuralların kurulmasıdır. İlana gelen bilgiler genellikle şu konulara odaklanır:\n\n1. Ülkedeki toplumun temel değerleri (kamu, sivil, siyaset)\n2. Ülkenin politik kuralları\n3. İnsan haklarına dayanan yetkililerin rolünü belirleyen anayasalar\n4. Ulusal güvenliği ve güvenlik düzeni\n\nBu süreç, ülkenin sosyal sisteminin ve siyosentimize dair önemli kararlar vermektedir. Anayasa madde 1, bu kararlar doğrultusunda olumlu bir şekilde devralı olmalıdır. Başka bir deyişle, ilan edilen bilgilerin kesinlikle doğru ve doğru bir şekilde uygulanması gerekmektedir.""}","{'rouge1': Score(precision=0.16666666666666666, recall=0.4, fmeasure=0.23529411764705882), 'rouge2': Score(precision=0.023952095808383235, recall=0.057971014492753624, fmeasure=0.03389830508474576), 'rougeL': Score(precision=0.10714285714285714, recall=0.2571428571428571, fmeasure=0.15126050420168066)}",0.24712252126401751,0.15741628363558732
"{'id': 3, 'model': 'Qwen2.5-1.5B-Instruct', 'question': 'Anayasa madde 1, cumhuriyetin hangi tarihte ilan edildiğini belirtir mi', 'reference': ""Anayasa madde 1, türkiye cumhuriyeti'nin 29 ekim 1923 tarihinde ilan edildiğini belirtir. bu tarih, türkiye'nin modernleşme sürecinde önemli bir dönüm noktasıdır ve her yıl cumhuriyet bayramı olarak kutlanır. 29 ekim 1923, mustafa kemal atatürk'ün önderliğinde türkiye'nin bağımsızlık mücadelesinin zaferle sonuçlanmasının ve yeni bir devlet düzeninin kurulmasının simgesidir."", 'prediction': ""Anayasa madde 1'in cumhuriyetin ne tarihinde ilan edildiği hakkında bilgi veremiyorum. Bu konuda doğrudan bilgiye erişimim yoktur ve bu konu hakkında daha fazla bilgi almak için lütfen uygun kaynaklardan ulaşmayı tercih edebilirsiniz.""}","{'rouge1': Score(precision=0.21951219512195122, recall=0.12, fmeasure=0.15517241379310345), 'rouge2': Score(precision=0.1, recall=0.05405405405405406, fmeasure=0.07017543859649122), 'rougeL': Score(precision=0.21951219512195122, recall=0.12, fmeasure=0.15517241379310345)}",0.24712252126401751,0.15741628363558732
"{'id': 4, 'model': 'Qwen2.5-1.5B-Instruct', 'question': ""Anayasa madde 1'e göre, cumhuriyetin temel özellikleri nelerdir"", 'reference': ""Anayasa madde 1'e göre, cumhuriyetin temel özellikleri halk egemenliği, demokrasi, hukuk devleti ve laikliktir. halk egemenliği, yönetim yetkisinin doğrudan veya dolaylı olarak halka ait olduğunu ifade eder. demokrasi, halkın yönetime katılımını ve yönetim yetkisinin seçimle belirlenmesini sağlar. hukuk devleti, tüm devlet faaliyetlerinin hukuk kurallarına uygun olarak yürütülmesini ve yargı denetimine açık olmasını ifade eder. laiklik, din ve devlet işlerinin birbirinden ayrılmasını ve devletin tüm inançlara eşit mesafede durmasını sağlar."", 'prediction': 'Anayasa Madde 1\'nin temel özellikleri şunlardır:\n\n1. Cumhuriyetin doğası: ""Kanunlar, toplumun değerlerini ve haklarını koruyacak ve bu değerleri güçlendirecek.""\n\n2. Temel hukuki principları:\n   - Dış politikaların kendi hukuka uygun olmayışı (Düzenleme Principusu)\n   - Hükümetin hukuki görevlerinin sınırlarına sahip olması (Hükümetin Hukuki Güvenliği Principusu)\n   - Hükümetin hukuki görevlerinin temel güvence alması (Temel Hükümetin Hukuki Güvenliği Principusu)\n\n3. Kariyer kurumu: ""Kariyer kurumu, kamuoyu, devletin kamuoyunu yönetmek üzere oluşturulan kuruluştır.""\n\n4. Toplumsal hukuk: ""Toplumsal hukuk, toplumun değerlerini ve haklarını koruyacak ve bu değerleri güçlendirecek kanunlardır.""\n\n5. Yurtdışı politikalar: ""Yurtdış politikalar, dış politika ve dış ilişkileri yönetmek üzere oluşturulan kuruluştır.""\n\n6. Mesele ve maddi yasalar: ""Mesele ve maddi yasalar, insan haklarının yer aldığı ve bunların uygulandığı kanunlardır.""\n\n7. Hükümetin temel hukuki görevleri: \n   - Sosyal güvenlik\n   - Güçlü sosyal ve ekonomik düzen\n   - Devletin toplumunun güvenliğini sağlamak\n\n8. Hükümetin temel hukuki görevleri:\n   - Toptan haklı olmak\n   - Kullanıcıların haklarına saygı göstermek\n   - Topluma mutlu bir toplum haline getirmek\n\n9. Devletin temel hukuki görevleri: \n   - Toplumba hizmet etmek\n   - Toplumun değerlerini korumak\n   - Toplumun güvenliğini sağlamak\n\nBu özellikler, Cumhuriyet\'in genel yapısını ve hukukunu temsil eder.'}","{'rouge1': Score(precision=0.15611814345991562, recall=0.37373737373737376, fmeasure=0.22023809523809526), 'rouge2': Score(precision=0.01694915254237288, recall=0.04081632653061224, fmeasure=0.02395209580838323), 'rougeL': Score(precision=0.08860759493670886, recall=0.21212121212121213, fmeasure=0.125)}",0.24712252126401751,0.15741628363558732
"{'id': 5, 'model': 'Qwen2.5-1.5B-Instruct', 'question': ""Anayasa madde 1'de cumhuriyetin tercih edilme nedeni nedir"", 'reference': ""Anayasa madde 1'de cumhuriyetin tercih edilme nedeni, halkın iradesinin en üst düzeyde temsil edilmesi ve yönetimde halkın söz sahibi olmasıdır. cumhuriyet rejimi, monarşi ve oligarşi gibi yönetim biçimlerine alternatif olarak halkın katılımını ve temsilini esas alır. bu nedenle, cumhuriyet yönetimi, demokrasinin uygulanmasını ve halkın yönetime doğrudan veya temsilcileri aracılığıyla katılmasını sağlar."", 'prediction': ""Anayasa Madde 1, Cumhuriyetin tercih edilen kurumlar ve kuruluşların tanımıdır. Bu anayasada, Cumhuriyet'in tercih ettiği kuruluşları ve kurumları belirtmektedir. İşte bu madde'ın ana nedenleri:\n\n1. Yurtdışı ilişkiler: Anayasa, ülkenin uluslararası ilişkilerini yönetmesinde yardımcı olur.\n\n2. Sosyal politikalar: Anayasa, vatandaşların sosyal haklarını koruyarak ülkedeki sivil demokratik yaşamlarını destekler.\n\n3. Ulusal çıkarlar: Anayasa, ulusal çıkarları ve anlaşmazlıkları düzenlemek için kullanılır.\n\n4. Tarih ve etnik gruplar: Anayasa, ulusal hakları ve tarihin temel kavramlarını savunmak için kullanılır.\n\n5. Hükümet yetkilileri: Anayasa, ulusal hükümetin görevlerini belirleyerek yönetimi düzenler.\n\n6. Uluslararası entegrasyon: Anayasa, ülkenin uluslararası entegrasyonunu sağlayarak globalizmayı destekler.\n\n7. Uluslararası yasalara uygun: Anayasa, Uluslararası Hanedanın (OIC) gereksinimlerine uygun olarak tasarlanmıştır.\n\nBu nedenlerle, Anayasa Madde 1, ülkenin genel kurumlar ve kuruluşları belirleyen önemli bir anayasadır.""}","{'rouge1': Score(precision=0.20496894409937888, recall=0.4230769230769231, fmeasure=0.27615062761506276), 'rouge2': Score(precision=0.0375, recall=0.07792207792207792, fmeasure=0.050632911392405056), 'rougeL': Score(precision=0.14285714285714285, recall=0.2948717948717949, fmeasure=0.1924686192468619)}",0.24712252126401751,0.15741628363558732
"{'id': 6, 'model': 'Qwen2.5-1.5B-Instruct', 'question': 'Anayasa madde 1, cumhuriyetin devamlılığını nasıl güvence altına alır', 'reference': ""Anayasa madde 1, cumhuriyetin devamlılığını anayasal güvence altına alarak ve değiştirilemez kılarak sağlar. anayasanın bu hükmü, cumhuriyet yönetim biçiminin değiştirilemeyeceğini ve bu konuda herhangi bir teklifin dahi yapılamayacağını belirtir. bu hüküm, cumhuriyetin temel ilkelerinin korunmasını ve türkiye'nin demokratik yapısının sürekliliğini temin eder."", 'prediction': ""Anayasa Madde 1, Cumhuriyet'in devamlılığını sağlayacak şekilde anayasal kurallarını ve yasalarını belirleyen önemli bir anayasal mekanizmasıdır. Bu anayasal mekanizma, ülkenin temel değerlerini korumak ve yerine getirmek için çeşitli yollarla hareket eder:\n\n1. Anayasal reformlar: Mevcut anayasal düzeni değiştirerek yeni yasaları ve düzenleri oluşturur.\n\n2. Devam etme politikası: Ülkeler genellikle anayasal düzeninin devamını sağlamakta bulunur.\n\n3. Yeni yasalar: Uzun süreli bir anayasal düzeni korumak için yeni yasalar üretmek.\n\n4. Dışişleri politikaları: Uluslararası yasaları takip etmek veya uygulama yapmak.\n\n5. Eğitim: Gençlik döneminden başlayarak anayasal düzeni öğretmek.\n\n6. Güvenlik politikaları: Saf bir ortam sağlamak için güvenlik politikaları uygular.\n\n7. Hükümet: Genellikle mevkidaşı olarak görev eden özel yetkililerin kontrolünü gösterir.\n\n8. Hukuki sistem: Sosyal ve ekonomik durumları değerlendirerek devamlılık için gereksinimler sunar.\n\n9. Demokratik kurumsal stratejiler: Hükümetin hukuki ve sosyal stratejileri uygulaması.\n\n10. Ulusal politika: Uluslararası ilişkileri yönetmek için hukuki kuralları takip etmek.\n\nBu anayasal mekanizmalar, ülkenin sürdürülebilirliği, barışçıl olma ve sürekli gelişimi üzerinde etkili olabilir. Ancak, bu süreçlerde de riskler vardır ve bazı ülkeler genellikle bu riskleri önleyebilir veya önlemeye çalışırlar.""}","{'rouge1': Score(precision=0.15418502202643172, recall=0.5072463768115942, fmeasure=0.2364864864864865), 'rouge2': Score(precision=0.030973451327433628, recall=0.10294117647058823, fmeasure=0.04761904761904762), 'rougeL': Score(precision=0.09251101321585903, recall=0.30434782608695654, fmeasure=0.14189189189189189)}",0.24712252126401751,0.15741628363558732
"{'id': 7, 'model': 'Qwen2.5-1.5B-Instruct', 'question': 'Anayasa madde 1, devletin şekliyle ilgili başka hangi detayları içerir', 'reference': ""Anayasa madde 1, devletin şekli olarak sadece cumhuriyetin kabul edildiğini ve bu şeklin değiştirilemeyeceğini içerir. bu madde, cumhuriyetin türkiye'nin devlet yapısının temel bir unsuru olduğunu ve bu yönetim biçiminin anayasal koruma altında olduğunu vurgular. ayrıca, bu hüküm, cumhuriyetin sürekli olarak korunması ve yaşatılması gerektiğini ifade eder."", 'prediction': ""Anayasa Madde 1, devletin şekliyle ilgili belirlenen temel kurallar ve gereksinimler arasında birçok detay bulunmaktadır. İşte bazı örneklere:\n\n1. Devletin temel yetkilileri (eşitlik, seçim, yasalara dayanıklı)\n2. Devletin temel yetkileri (yapılandırma, yönetimi, sorumluluklar)\n3. Temel devlet politikaları (ödüller, maliyetler, sosyal haklar)\n4. Devletin temel politik stratejileri (hükümetin temel görevleri, yönetim sistemi)\n5. Devletin temel finansal sistemini (maliye, para, vergi, kredi)\n6. Temel devlet politikası (çevre, sağlık, eğitim, eğitim)\n7. Temel devlet politikası (sosyal güvenlik, güvenliği, sivilisasyon)\n8. Temel devlet politikası (işbirliği, işbirliği politikası)\n\nBu genel bir listede, devletin temel yetkilileri, yetkileri ve temel politikaları hakkında bilgi vermektedir. Ancak bu nedenle, Anayasa Madde 1'in tüm ayrıntılı içeriği ve değişiklikleri için, mevcut anayasayı ve devlet kurumunun güncel düzenlemelerini kontrol etmeniz önemlidir.""}","{'rouge1': Score(precision=0.1592356687898089, recall=0.36764705882352944, fmeasure=0.22222222222222224), 'rouge2': Score(precision=0.038461538461538464, recall=0.08955223880597014, fmeasure=0.05381165919282511), 'rougeL': Score(precision=0.08917197452229299, recall=0.20588235294117646, fmeasure=0.12444444444444444)}",0.24712252126401751,0.15741628363558732
"{'id': 8, 'model': 'Qwen2.5-1.5B-Instruct', 'question': ""Anayasa madde 1'de cumhuriyetin ilanıyla ilgili hangi tarihi olaylar belirtilmiştir"", 'reference': ""Anayasa madde 1'de cumhuriyetin ilanıyla ilgili olarak 29 ekim 1923 tarihinde türkiye büyük millet meclisi tarafından ilan edilmesi belirtilmiştir. bu tarih, türkiye cumhuriyeti'nin resmen kurulduğu ve osmanlı i̇mparatorluğu'nun sona erdiği tarihtir. cumhuriyetin ilanı, kurtuluş savaşı'nın zaferle sonuçlanmasının ardından, türkiye'nin yeni bir devlet düzeni ve modern bir yönetim biçimi benimsemesinin bir sonucu olarak gerçekleşmiştir."", 'prediction': 'Anayasa Madde 1, Türkiye Cumhuriyetinin kurucusu ve ilk Başbakan Mustafa Kemal Atatürk\'nun ülkenin anayasasını oluşturmaya yönelik bir mevzuat olarak tanınır. Bu anayasa, Türkiye\'yi 1923 yılında yeni bir cumhuriyetle tanıttı.\n\nBu anayasa, Türkiye\'ye göre, Türkiye\'nin kendi anayasası ve değerleriyle birlikte birleştiğini vurgulamaktadır. Ancak, bu anayasa ile ilgili önemli olaylar ve durumlar genellikle şu şekildedir:\n\n1. 1924 - Anayasa İdare Komitesi kurulması: 10 Ocak 1924\'te, Atatürk, Türkiye\'nin yeni bir anayasasının kurulmasını savunan ve bu anayasa\'nın bir parçası olan idare komisyonunu kurmuştur.\n\n2. 1925 - Anayasa İdare Komitesi Genel Sekreterliği: 17 Temmuz 1925\'te, idare komiseri seçildi ve Atatürk, onunla ilgili bazı önemli ifadeler verdi.\n\n3. 1926 - Anayasa İdare Komitesi Koleksiyonu: 15 Nisan 1926\'te, idare komisyonunun koleksiyonunu tamamlanmıştır.\n\n4. 1927 - Anayasa İdare Komitesi Baskısı: 1 Ocak 1927\'te, idare komisyonunun çalışmaları bir kitap haline gelmiş ve ""Türkiye\'nin Anayasası"" adlı isimli bir anayasa bilgisi kitabı olarak yayınlanmıştır.\n\n5. 1928 - Anayasa İdare Komitesi Sonraki Çalışmaları: 18 Mart 1928\'te, idare komisyonunun çalışmaları sona ermiştir.\n\n6. 1929 - Anayasa İdare Komitesi Öncülükü: 15 Haziran 1929\'te, idare komisyonunun çalışmaları bir tören haline gelmiş ve ""Türkiye\'nin Anayasası""'}","{'rouge1': Score(precision=0.1506276150627615, recall=0.4444444444444444, fmeasure=0.225), 'rouge2': Score(precision=0.04201680672268908, recall=0.125, fmeasure=0.06289308176100629), 'rougeL': Score(precision=0.100418410041841, recall=0.2962962962962963, fmeasure=0.15)}",0.24712252126401751,0.15741628363558732
"{'id': 9, 'model': 'Qwen2.5-1.5B-Instruct', 'question': 'Anayasa madde 1, devletin şekliyle ilgili hangi kuralları ortaya koyar', 'reference': ""Anayasa madde 1, devletin şeklinin cumhuriyet olduğunu, bu şeklin değiştirilemeyeceğini ve değiştirilmesinin teklif dahi edilemeyeceğini ortaya koyar. bu madde, türkiye'nin yönetim biçimi olarak cumhuriyetin mutlak ve değişmez olduğunu vurgular. ayrıca, bu hüküm, cumhuriyetin korunması ve devamlılığının sağlanması için anayasal bir güvence sağlar."", 'prediction': 'Anayasa Madde 1, devletin şekliyle ilgili şu kurallara dayanır:\n\n1. Devletin temel özellikleri:\n   - Devletin başkentinde yer alması\n   - Şirketlerin (hükümetlerin) devletin temel kurumları olmaması\n   - Şirketlerin (hükümetlerin) devletin temel kurumları olmaları\n\n2. Devletin temel kurumu:\n   - Devletin temel kurumu, devletin temel kurumlardan biridir ve devletin temel kurumlarından ayrılmaz.\n   - Bu kurum, devletin temel kurumlarından ayrılmadan da yetkilendirilir.\n\n3. Temel kurumların sayısı:\n   - Devletin temel kurumlar sayısının en az iki olması gerekmektedir.\n\n4. Temel kurumların görevleri:\n   - Devletin temel kurumlarının görevleri, devletin temel kurumlarda bulunulmamalıdır.\n\n5. Devletin temel kurumlarının sınırları:\n   - Devletin temel kurumlarının sınırları, devletin temel kurumlarda bulunmamalıdır.\n\n6. Devletin temel kurumlarının etik düzenlemelerinin belirlenmesi:\n   - Devletin temel kurumlarının etik düzenlemelerinin belirlenmesi, devletin temel kurumlarda bulunmamalıdır.\n\nBu kurallar, devletin temel kurumlarının yapısal yapısı ve rolü hakkında bilgi sağlar.'}","{'rouge1': Score(precision=0.0963855421686747, recall=0.24242424242424243, fmeasure=0.13793103448275862), 'rouge2': Score(precision=0.03636363636363636, recall=0.09230769230769231, fmeasure=0.05217391304347825), 'rougeL': Score(precision=0.07228915662650602, recall=0.18181818181818182, fmeasure=0.10344827586206895)}",0.24712252126401751,0.15741628363558732
"{'id': 10, 'model': 'Qwen2.5-1.5B-Instruct', 'question': ""Anayasa madde 2'ye göre, türkiye cumhuriyeti'nin temel nitelikleri nelerdir"", 'reference': ""Anayasa madde 2'ye göre, türkiye cumhuriyeti'nin temel nitelikleri demokratik, laik, sosyal bir hukuk devleti olmasıdır. bu maddede belirtilen nitelikler, türkiye cumhuriyeti'nin yönetim biçiminin ve devlet yapısının temel ilkelerini oluşturur. demokratik devlet, halkın yönetime katılımını ve seçimle belirlenen temsilciler aracılığıyla yönetilmesini ifade eder. laik devlet, din ve devlet işlerinin ayrılmasını ve devletin tüm inançlara eşit mesafede durmasını sağlar. sosyal devlet, vatandaşlarının sosyal refahını artırmak için ekonomik ve sosyal politikalar uygular. hukuk devleti, tüm devlet faaliyetlerinin hukuk kurallarına uygun olarak yürütülmesini ve yargı denetimine açık olmasını sağlar."", 'prediction': ""Türkiye Cumhuriyeti'nin temel niteliklerine genellikle şu adımlar dahil edilir:\n\n1. Türkiye'nin ilk mevkidaşı ve ülkesi olan Osmanlı İmparatorluğu'nun sonuna kadar olan dönemler.\n\n2. 19. yüzyılın ortalarında kurulan Türkiye Büyük Millet Meclisi.\n\n3. 1920 yılında Türkiye'nin anayasasıyla başlayıp, 1947'de Anayasaya göre dönüştürüldüğü bir devlet.\n\n4. İslam dünyasının önemli bir parçası olarak kabul edildiği bir cumhuriyet.\n\n5. Müslüman halkı tarafından yönetilen bir cumhuriyet.\n\n6. Türkiye'nin uluslararası ilişkilerini etkin şekilde yöneten bir cumhuriyet.\n\n7. İslam dünyasına özgü yasal düzenlemeleri yerine Türkiye'nin yasal düzenlemelerini sunan bir cumhuriyet.\n\n8. İslam dünyasındaki kültürel, sosyal ve politik farklılıklarını barındıran bir cumhuriyet.\n\n9. Türkiye'nin dört köy bölgesinin (Dokuzuncu Bölgesi) öne çıkmasına izin veren bir cumhuriyet.\n\nBu niteliklerin yanı sıra, Türkiye'nin daha geniş bir tarihi ve kültürel bağlamda da bulunmaktadır. Bu nedenle, Türkiye'nin temel nitelikleri de bu tarihsel ve kültürel faktörlerle de değerlendirilebilir.""}","{'rouge1': Score(precision=0.21962616822429906, recall=0.36153846153846153, fmeasure=0.27325581395348836), 'rouge2': Score(precision=0.04225352112676056, recall=0.06976744186046512, fmeasure=0.05263157894736842), 'rougeL': Score(precision=0.1261682242990654, recall=0.2076923076923077, fmeasure=0.1569767441860465)}",0.24712252126401751,0.15741628363558732
"{'id': 11, 'model': 'Qwen2.5-1.5B-Instruct', 'question': ""Anayasa madde 2, hangi ilkeleri türkiye cumhuriyeti'nin temel nitelikleri olarak tanımlar"", 'reference': ""Anayasa madde 2, insan haklarına saygılı, atatürk milliyetçiliğine bağlı, başlangıçta belirtilen temel ilkelere dayanan bir devlet olarak tanımlar. i̇nsan haklarına saygılı devlet, vatandaşlarının temel hak ve özgürlüklerini korur ve bu hakların ihlal edilmesini engeller. atatürk milliyetçiliğine bağlı devlet, atatürk'ün ilke ve inkılaplarını benimser ve bu değerler doğrultusunda hareket eder. başlangıçta belirtilen temel ilkeler ise, devletin demokratik, laik, sosyal ve hukuk devleti niteliklerini ifade eder."", 'prediction': 'Türkiye Cumhuriyeti\'nin Anayasa Madde 2\'ünde, temel nitelikleri tanımlamak için kullanılan ilkeler şunlardır:\n\n1. Özgürlük: ""Özgürlük"" kelimesinin anlamı olarak ""özgürlük"" (doluluk) ve ""özellik"" anlamına gelir.\n\n2. Yüceklilik: ""Yüceklilik"" kelimesinin anlamı olarak ""yücesi"" ve ""yükseliş"" anlamına gelir.\n\n3. Hizmet: ""Hizmet"" kelimesinin anlamı olarak ""hizmet"", ""kullanım"" ve ""gerekli"" anlamına gelir.\n\n4. Kaldırma: ""Kaldırma"" kelimesinin anlamı olarak ""kaldırma"", ""çıkış"" ve ""kalkmak"" anlamına gelir.\n\nBu ilkeler genellikle Türkiye Cumhuriyeti\'nin temel değerlerini ifade etmektedir. Örneğin, özgürlük, yüceklilik, hizmet ve kaldırma gibi değerler, insanların özgürlüğünü korumak, yaşamının değerli olmasını sağlamak, insanların gerekli olan her şeyi kullanmak ve bu gerekliliği yerine getirmek gibi etki alanında kullanılabilir. Bu ilkeler, vatandaşların temel hakları ve çıkarlarını belirtir ve bunlar, hükümet tarafından veya diğer düzenlemelere uygulanmalıdır.'}","{'rouge1': Score(precision=0.1871345029239766, recall=0.3404255319148936, fmeasure=0.2415094339622641), 'rouge2': Score(precision=0.052941176470588235, recall=0.0967741935483871, fmeasure=0.06844106463878327), 'rougeL': Score(precision=0.10526315789473684, recall=0.19148936170212766, fmeasure=0.13584905660377358)}",0.24712252126401751,0.15741628363558732
"{'id': 12, 'model': 'Qwen2.5-1.5B-Instruct', 'question': ""Anayasa madde 2'de belirtilen demokratik devletin özellikleri nelerdir"", 'reference': ""Anayasa madde 2'de belirtilen demokratik devletin özellikleri, halkın yönetime katılımı, seçimler yoluyla temsil ve çoğulculuktur. demokratik devlet, vatandaşların yönetime doğrudan veya temsilcileri aracılığıyla katılmasını sağlar. seçimler, demokratik devletin en önemli unsurlarından biridir ve vatandaşların iradesini yansıtır. çoğulculuk, farklı görüşlerin ve düşüncelerin serbestçe ifade edilmesini ve temsil edilmesini sağlar. demokratik devlet, bu özellikleriyle vatandaşların siyasi haklarını korur ve yönetime katılımını teşvik eder."", 'prediction': 'Anayasa Madde 2\'nin belirli demokratik devlet özelliklerini açıklayan paragraf şu şekildedir:\n\n""Demokratik devlet, halkı ve halkın seçkin adayıyla yönetilmelidir. Halkın seçkin adayı, halka bağlı olarak da ve halkın iddialarına saygı duyulmalıdır. Demokratik devlet, halkın hakları ve çıkarlarına saygı göstermelidir.""\n\nBu paragraf genellikle şunları ifade eder:\n\n1. Devletin halkı ve halkın seçkin adayıyla yönetilmesi gereklidir.\n2. Halkın seçkin adayı, halka bağlı olarak da ve halkın iddialarına saygı göstermelidir.\n3. Devlet, halkın hakları ve çıkarlarına saygı göstermelidir.\n\nBu özellikler, demokratik bir hükümetin temel özellikleri olarak kabul edilir ve insanların devletin yönetimiyle ilgisi olduğuna dair düşünme fırsatı sunar.'}","{'rouge1': Score(precision=0.3053435114503817, recall=0.41237113402061853, fmeasure=0.3508771929824562), 'rouge2': Score(precision=0.038461538461538464, recall=0.052083333333333336, fmeasure=0.04424778761061947), 'rougeL': Score(precision=0.17557251908396945, recall=0.23711340206185566, fmeasure=0.20175438596491227)}",0.24712252126401751,0.15741628363558732
"{'id': 13, 'model': 'Qwen2.5-1.5B-Instruct', 'question': ""Anayasa madde 2'ye göre, sosyal devlet anlayışı neyi ifade eder"", 'reference': ""Anayasa madde 2'ye göre, sosyal devlet anlayışı, devletin vatandaşlarının sosyal refahını sağlamak için gerekli ekonomik ve sosyal politikaları uygulamasını ifade eder. sosyal devlet, vatandaşlarının temel ihtiyaçlarını karşılamayı ve yaşam standartlarını yükseltmeyi hedefler. bu anlayış, eğitim, sağlık, sosyal güvenlik ve istihdam gibi alanlarda devletin aktif rol almasını ve vatandaşlarının sosyal haklarını güvence altına almasını gerektirir. sosyal devlet, aynı zamanda sosyal adaleti ve eşitliği sağlamayı amaçlar."", 'prediction': ""Sosyal devlet anlayışı, anayasa madde 2'ün belirtilen anlayış kurallarını ve algoritmalarını içerir. Bu anlayış kuralları, sosyal ortamda kişinin haklarını korumak ve kişisel çıkarlarını korumak için kullanılır.\n\nİlk önemli nokta, sosyal devlet anlayışı, insanların hakları korunması ve güvenliğini sağlamak için kullanılan anlayışlardır. Bu, insanlarin haklarını korumak ve onların çıkarlarını korumak için kullanılır.\n\nBu anlayış kurallarının öne çıkan önemli unsurları şunlardır:\n\n1. Dürüst ve eşit olmayan sınıflandırma: Sosyal devlet anlayışı, insanların haklarını ve çıkarlarını eşit şekilde değerlendirerek, aynı şekilde karşılanmasını sağlar.\n\n2. Kritik durumlarda koruma ve yardım: Anayasa madde 2'ü, insanların kritik durumlarda koruma ve yardım etmelerine olanak tanır.\n\n3. İnsan haklarının korunması: Sosyal devlet anlayışı, insan haklarının korunmasına dair özel bir kurallar sunar.\n\n4. İnsan haklarının korunması: Sosyal devlet anlayışı, insan haklarının korunmasına dair özel bir kurallar sunar.\n\n5. İnsan haklarının korunması: Sosyal devlet anlayışı, insan haklarının korunmasına dair özel bir kurallar sunar.\n\n6. İnsan haklarının korunması: Sosyal devlet anlayışı, insan haklarının korunmasına dair özel bir kurallar sunar.\n\n7. İnsan haklarının korunması: Sosyal devlet anlayışı, insan haklarının korunmasına dair özel bir kurallar sunar.\n\n8. İnsan haklarının korunması: Sosyal devlet anlayışı, insan haklarının korunmasına dair özel bir kurallar sunar.\n\n9. İnsan haklarının korunması: Sosyal devlet anlayışı, insan haklarının korunmasına dair özel bir kurallar sunar.\n\n10. İnsan haklarının korunması: Sosyal devlet anlayışı, insan haklarının korunmasına dair özel bir kurallar sunar.\n\nSonuç olarak, sosyal devlet an""}","{'rouge1': Score(precision=0.15772870662460567, recall=0.5102040816326531, fmeasure=0.24096385542168672), 'rouge2': Score(precision=0.05379746835443038, recall=0.17525773195876287, fmeasure=0.08232445520581112), 'rougeL': Score(precision=0.11356466876971609, recall=0.3673469387755102, fmeasure=0.17349397590361446)}",0.24712252126401751,0.15741628363558732
"{'id': 14, 'model': 'Qwen2.5-1.5B-Instruct', 'question': ""Anayasa madde 2'de laik devletin tanımı nedir"", 'reference': ""Anayasa madde 2'de laik devletin tanımı, devletin din ve devlet işlerini birbirinden ayırarak, tüm inançlara eşit mesafede durmasıdır. laik devlet, dinin devlet işlerine karışmamasını ve devletin de din işlerine müdahale etmemesini sağlar. bu anlayış, din ve vicdan özgürlüğünü güvence altına alır ve her bireyin inançlarını serbestçe yaşamasına imkan tanır. laiklik, aynı zamanda dinin siyasete alet edilmesini engeller ve devletin tarafsızlığını korur."", 'prediction': 'Anayasa Madde 2, Türkiye\'nin anayasası ve diğer mecliste geleneksel yasaları ve düzenlemeleri içeren Anayasa Kanunu\'ndaki ana yasal mevzuatıdır. Bu mevzuata göre, ""Laik devlet"" (yazılı olarak: Laik Devlet) ifadesi genellikle:\n\n1. Sosyal, sosyal ilişkiler ve eğitim sistemlerinin kurucusu olmaktan bahsediyor.\n\n2. Sosyal, sosyal ilişkiler ve eğitim sisteminin kurucusu olma yetkisi ayarlanmamaktadır.\n\n3. Sosyal, sosyal ilişkiler ve eğitim sisteminin kurucusu olma yetkisi ayarlanmadığını vurgular.\n\n4. Sosyal, sosyal ilişkiler ve eğitim sisteminin kurucusu olma yetkisi yerine, sivil yetkilerin kullanılması öngörmektedir.\n\nBu tanımda, laik devletin kurucusu sivil yetkilere olan temel bağımlılık olmadığı belirlenmiştir. Ancak, bu tür bir tanımda da laik devletin temel rolünü ve görevleri açıklamada bulunmayan bir durumda bulunmaktadır. Bu nedenle, genellikle ""laik devlet"" termine genellikle sivil yetkililere olan temel bağımlılık veya bağımsızlık sağlanışı düşünebilir.'}","{'rouge1': Score(precision=0.1901840490797546, recall=0.34831460674157305, fmeasure=0.24603174603174607), 'rouge2': Score(precision=0.037037037037037035, recall=0.06818181818181818, fmeasure=0.048), 'rougeL': Score(precision=0.12269938650306748, recall=0.2247191011235955, fmeasure=0.15873015873015872)}",0.24712252126401751,0.15741628363558732
"{'id': 15, 'model': 'Qwen2.5-1.5B-Instruct', 'question': 'Anayasa madde 2, hukuk devleti ilkesini nasıl tanımlar', 'reference': 'Anayasa madde 2, hukuk devleti ilkesini, devletin tüm eylem ve işlemlerinin hukuk kurallarına bağlı olduğu, yargı denetimine açık olduğu bir sistem olarak tanımlar. hukuk devleti, yasaların üstünlüğünü kabul eder ve devletin faaliyetlerinin hukuka uygun olmasını sağlar. bu ilke, vatandaşların haklarının ve özgürlüklerinin korunmasını ve devletin keyfi uygulamalarına karşı yargı denetimi yoluyla korunmalarını temin eder. hukuk devleti, adaletin sağlanmasını ve hukukun herkes için eşit uygulanmasını garanti eder.', 'prediction': 'Anayasa madde 2, ""Hükümetin yasalarını ve düzenlemelerini kurması, yönetmesi ve uygulaması"" ifadesine dayanır. Bu, genellikle hükümetin kurucusu, yöneticisi veya diğer önemli yetkiliydi.\n\nİki ana yönle hukuk devleti ilkesinin tanımlanmıştır:\n\n1. Hükümetin Yasadışı Kurme Yetkisi: Hükümet, yasal düzenlemeler oluşturmak, yönetmek ve uygulamak için yetkisi sahiptir. Bu yetkiye ait bazı özel durumlar da vardır, örneğin mevcut yasaların değiştirilmesi gibi.\n\n2. Hükümetin Yasadışı Yönetimi Yetkisi: Bu, hükümetin yasanın ve düzenlemelerinin uygulanmasını ve yönetmenin yetkisidir. Bu yetkinin genel olarak belirlenmemesi nedeniyle, hükümetin bu yetkiye ait tutarlı bir rol oynadığı durumda görülmektedir.\n\nBu, Anayasa Madde 2\'nin temel özelliklerinden biri olup, genel bir anayasa sistemine dayanarak, hükümetin yasadışı yönetim ve kurma yetkilendirme yetkinleri hakkında bilgi verir.'}","{'rouge1': Score(precision=0.16025641025641027, recall=0.26881720430107525, fmeasure=0.20080321285140565), 'rouge2': Score(precision=0.05806451612903226, recall=0.09782608695652174, fmeasure=0.07287449392712551), 'rougeL': Score(precision=0.10256410256410256, recall=0.17204301075268819, fmeasure=0.1285140562248996)}",0.24712252126401751,0.15741628363558732
"{'id': 16, 'model': 'Qwen2.5-1.5B-Instruct', 'question': ""Anayasa madde 2'ye göre, türkiye cumhuriyeti'nin değişmez nitelikleri nelerdir"", 'reference': ""Anayasa madde 2'ye göre, türkiye cumhuriyeti'nin değişmez nitelikleri demokratik, laik, sosyal bir hukuk devleti olmasıdır. bu nitelikler, türkiye'nin temel devlet yapısını ve yönetim biçimini belirler. demokratik devlet, halkın yönetime katılımını ve seçimler yoluyla temsil edilmesini sağlar. laik devlet, din ve devlet işlerini birbirinden ayırır ve din özgürlüğünü korur. sosyal devlet, vatandaşların sosyal refahını artırmak için politikalar uygular ve sosyal adaleti sağlar. hukuk devleti, yasaların üstünlüğünü kabul eder ve devletin faaliyetlerinin hukuka uygun olmasını temin eder."", 'prediction': ""Türkiye Cumhuriyeti'nin değişmez nitelikleri genellikle şu şekildedir:\n\n1. İslam: İslam dininin temel niteliğidir.\n\n2. Özgürlük: Halkın özgürlüğü ve hakları.\n\n3. Dışişleri: İslam dünyasının yönetimi.\n\n4. Tarihi: Türkiye'deki tarih ve kültürünü korumak.\n\n5. Demokrasi: Halkların seçme hakkı ve kurumsal yetkililerin tutarlı çalışması.\n\n6. Kültürel: Kültür ve etnik çeşitliliği korumak.\n\n7. Ortaklık: Türkiye'nin dış arası ilişkilerini güçlendirmek.\n\n8. Sosyal: Halkın sosyal yaşamını korumak ve düzenlemek.\n\n9. Sanat: Sanat ve ekonomik istikrarı sağlama.\n\n10. Enerji: Ülkenin enerji bütçesini yönetmek.\n\nBu nitelikler, Türkiye'nin genel politik stratejisi ve hukuki yapısı üzerinde önemli rol oynar.""}","{'rouge1': Score(precision=0.3284671532846715, recall=0.40540540540540543, fmeasure=0.3629032258064516), 'rouge2': Score(precision=0.125, recall=0.15454545454545454, fmeasure=0.13821138211382114), 'rougeL': Score(precision=0.18248175182481752, recall=0.22522522522522523, fmeasure=0.20161290322580644)}",0.24712252126401751,0.15741628363558732
"{'id': 17, 'model': 'Qwen2.5-1.5B-Instruct', 'question': 'Anayasa madde 2, insan haklarına saygılı devlet anlayışını nasıl açıklar', 'reference': 'Anayasa madde 2, insan haklarına saygılı devlet anlayışını, devletin vatandaşlarının temel hak ve özgürlüklerine saygı göstermesi ve bunları koruması olarak açıklar. i̇nsan haklarına saygılı devlet, vatandaşların yaşam, özgürlük, güvenlik ve mülkiyet haklarını korur. ayrıca, düşünce, ifade, din ve vicdan özgürlüğü gibi temel hakların korunmasını sağlar. devlet, insan haklarının ihlal edilmesini engellemek ve bu hakları güvence altına almakla yükümlüdür. bu anlayış, devletin vatandaşlarına karşı sorumluluklarını ve yükümlülüklerini belirler.', 'prediction': ""Anayasa madde 2'in insan haklarına saygılı devlet anlayışını ifade etmek için, bazı önemli kavramlar ve kurallar kullanılır:\n\n1. İnsan haklarına saygılı devlet: Bu, devletin insan haklarına saygı gösterdiği anlamına gelir.\n\n2. Dürüst ve saygılı kararlara yol açan politikalar: Bu, insan haklarına dayalı politikaların kullanılmasıdır.\n\n3. İnsan hakları tutarlılığını savunma: Devlet, insan haklarının korunmasını ve teşvik edilmesini sağlama amaçlanır.\n\n4. İnsan haklarına dayalı sorumluluklar: Devlet, insan haklarının ihlal等情况inde yasaklıklar uygular.\n\n5. İnsan haklarına dayalı düzenlemeler: Hukuki düzenlemeler ve reformların insan haklarına uygun olmasına önemlidir.\n\n6. İnsan haklarına dayalı yönetim kuralları: Yurtdışı ve yerel kurallar da insan haklarına dayalıdır.\n\n7. İnsan haklarına dayalı seçimler: Devletin insan haklarına dayalı bir şekilde yönetildiği anlamına gelir.\n\n8. İnsan haklarına dayalı finansal sistemler: Bu, insan haklarına dayalı ekonomi düzenlemeleri içerir.\n\n9. İnsan haklarına dayalı eğitim ve eğitimin düzeni: Eğitim kurumları da insan haklarına dayalı olarak tasarlanmalıdır.\n\n10. İnsan haklarına dayalı güvenlik sistemi: Bu, insan haklarına dayalı güvenlik önlemleri sunmaktadır.\n\nBu kavramları ve kuralları takip etme, insan haklarına saygılı devlet anlayışının ifade edilmesine yardımcı olacaktır.""}","{'rouge1': Score(precision=0.2608695652173913, recall=0.6055045871559633, fmeasure=0.36464088397790057), 'rouge2': Score(precision=0.11507936507936507, recall=0.26851851851851855, fmeasure=0.16111111111111112), 'rougeL': Score(precision=0.17786561264822134, recall=0.41284403669724773, fmeasure=0.24861878453038674)}",0.24712252126401751,0.15741628363558732
"{'id': 18, 'model': 'Qwen2.5-1.5B-Instruct', 'question': 'Anayasa madde 2, atatürk milliyetçiliğine bağlı devlet kavramını nasıl tanımlar', 'reference': ""Anayasa madde 2, atatürk milliyetçiliğine bağlı devlet kavramını, devletin atatürk'ün ilke ve inkılaplarına bağlı kalarak milletin bağımsızlığını ve bütünlüğünü koruması olarak tanımlar. atatürk milliyetçiliği, türkiye'nin modernleşme sürecinde önemli bir rol oynamış ve ülkenin laik, demokratik ve sosyal bir hukuk devleti olarak şekillenmesine katkıda bulunmuştur. bu kavram, milli birlik ve beraberliği, bağımsızlık ve egemenliği, laiklik ve çağdaşlaşmayı esas alır. devlet, atatürk milliyetçiliği doğrultusunda hareket ederek, bu değerleri koruma ve geliştirme görevini üstlenir."", 'prediction': 'Türk Cumhuriyeti\'nde atatürk milliyetçiliği genellikle ""milliyetçilik"" olarak ifade edilir ve bu tür milliyetçilik, Türkiye\'nin toprak üzerindeki etnik, kültürel ve sosyal farklılıklarının ve farklı kültürlerinin bir araya gelme ve birbirleriyle barış içinde işbirliği yapma anlamına gelir.\n\nAtatürk Milliyetçiliği\'nin temel özellikleri şunlardır:\n\n1. Tarih: 18 December 1901\'de atatürk tarafından tanındı.\n2. Milliyetçilik: Bu concept, Türkiye\'nin etnik, kültürel ve sosyal farklılıklarının bir arada olmalarını sağlar.\n3. Barış: Türkiye\'nin etnik grupların, kültürlerinin ve kültürel farklılıkları ile ilgili anlaşmazlıkların ortadan kaldırılmasını sağlamaktadır.\n4. İlişkinlik: Atatürk Milliyetçiliği, Türkiye\'nin etnik grupların, kültürel farklılıklarının ve farklı kültürlerinin bir araya gelmesini ve bunları birbirleriyle barış içinde işbirliği yapmasını sağlamaktadır.\n5. Yargılaşma: Türkiye\'nin etnik gruplarının, kültürel farklılıklarının ve farklı kültürlerinin barışı için yargılaşması ve çabası gerektiğini belirtmektedir.\n\nBu tür milliyetçilik, Türkiye\'nin etnik grupların, kültürel farklılıklarının ve kültürel farklılıklarının bir araya gelmesini ve bunları birbirleriyle barış içinde işbirliği yapmasını sağlamak amacıyla geliştirilmeye başlandı. Atatürk\'in bu conceptuyla, Türkiye\'nin etnik grupların, kültürel farklılıklarının ve kültürel farklılıklarının bir araya gelmesini ve bunları birbirleriyle barış içinde işbirliği yapmasını sağlamak için önemli bir adım atmıştır.'}","{'rouge1': Score(precision=0.16300940438871472, recall=0.46017699115044247, fmeasure=0.2407407407407407), 'rouge2': Score(precision=0.05660377358490566, recall=0.16071428571428573, fmeasure=0.08372093023255814), 'rougeL': Score(precision=0.10658307210031348, recall=0.3008849557522124, fmeasure=0.1574074074074074)}",0.24712252126401751,0.15741628363558732
"{'id': 19, 'model': 'Qwen2.5-1.5B-Instruct', 'question': ""Anayasa madde 2'de sosyal adaletin sağlanması nasıl açıklanır"", 'reference': ""Anayasa madde 2'de sosyal adaletin sağlanması, devletin sosyal ve ekonomik politikalarla vatandaşlar arasındaki eşitsizlikleri gidermesi ve sosyal refahı artırması olarak açıklanır. sosyal adalet, toplumun tüm kesimlerinin eşit fırsatlara sahip olmasını ve yaşam standartlarının yükseltilmesini hedefler. devlet, eğitim, sağlık, sosyal güvenlik ve istihdam gibi alanlarda politikalar geliştirerek sosyal adaleti sağlar. ayrıca, dezavantajlı grupların korunması ve desteklenmesi, gelir dağılımındaki adaletsizliklerin giderilmesi ve sosyal refahın artırılması da sosyal adaletin sağlanması için önemlidir."", 'prediction': 'Anayasa Madde 2, insan haklarının ve özgürlüğünün korunması konusundaki önemli kuramlarla ilgili bir anayasa maddeidir. Sosyal adaletin sağlanması, bu anayasa kurallarına dayalı olarak, insan hakları korunmaya yönelik önlemler sunar.\n\nBu kuramların ana konuları şunlardır:\n\n1. İnsan Hakları Koruma:\n   - İnsanların özgürlüklerinin korunması.\n   - İnsanlar için en uygun ve düzenli bir yaşam biçimini sağlama.\n   - İnsanların haklarını korumak için gereken yolları belirtmek.\n\n2. Dışişleri Hakkı:\n   - İnsanların uluslararası hizmetleri ve işbirliği konusunda haklarını korumak.\n   - İnsanların kendi ülkelerindeki haklarını korumak.\n\n3. İnsan Hakları Kalkınma:\n   - İnsanların haklarını korurken, aynı zamanda bu hakların yerine getirilmesi gerektiğini vurgulamaktadır.\n\n4. İnsan Hakları İstihbaratı:\n   - İnsanların haklarını kontrol eden, ihmal etme riski olmayan sistemler sunmak.\n   - İnsanların haklarını korumak ve ihlali tespit etmek için kullanılan sistemin belirlenmesi.\n\n5. İnsan Hakları Koruma Üreticileri:\n   - İnsanların haklarını korumak için gereken yetenekler ve araçları belirlemektir.\n\n6. İnsan Hakları Koruma Ücretleri:\n   - İnsanların haklarını korurken, ancak haklarının yerine getirilebilmesi veya yok olup olmadığını kontrol etmek için gereken ücretlere başvurmayı mümkün kılmaktadır.\n\n7. İnsan Hakları Koruma Etkinlikleri:\n   - İnsanların haklarını korurken, ancak bu hakların yerine getirilebilmesi veya yok olup olmadığını kontrol etmek için yapılan etkinlikler.\n\n8. İnsan Hakları Koruma İdari Kuralları:\n   - İnsanların haklarını korurken, ancak bu hakların yerine getirilebilmesi veya yok olup olmadığını kontrol etmek için yapılan idari kurallara başvurmayı mümkün kılmaktadır.\n\n9. İnsan'}","{'rouge1': Score(precision=0.1040268456375839, recall=0.3069306930693069, fmeasure=0.15538847117794485), 'rouge2': Score(precision=0.03367003367003367, recall=0.1, fmeasure=0.050377833753148624), 'rougeL': Score(precision=0.07718120805369127, recall=0.22772277227722773, fmeasure=0.11528822055137844)}",0.24712252126401751,0.15741628363558732
"{'id': 20, 'model': 'Qwen2.5-1.5B-Instruct', 'question': ""Anayasa madde 3'e göre, türkiye'nin resmi dili nedir"", 'reference': ""Anayasa madde 3'e göre, türkiye'nin resmi dili türkçedir. bu madde, türkçenin devletin tüm resmi işlemlerinde, eğitim kurumlarında ve kamu kurumlarında kullanılmasını zorunlu kılar. resmi dilin türkçe olması, türkiye'nin kültürel bütünlüğünü ve milli kimliğini korumak amacıyla belirlenmiştir. türkçe, aynı zamanda vatandaşlar arasındaki iletişimin sağlanması ve devletin resmi yazışmalarında kullanılacak dil olarak kabul edilmiştir."", 'prediction': 'Türkiye\'nin resmi dili Türkçe\'dir. Bu belirtimi anayasa madde 3\'ün başlığına ve içeriğiyle da görülebilir:\n\n""Artık Türkiye\'nin resmi dili, Türkçe olacak."" (Artık: ""Bu"", Türkiye: ""Türkiye"")\n\nBu ifade, Türkiye\'nin resmi dili olan Türkçe\'nin resmi olarak tanımlanmasının belirlenmesi konusundaki ilk adımdır.\n\nTürkçe, bu ilçeyi de kapsayan, Türkiye\'yi anlatmak için kullanılan ve yaygın olarak kullanılan ana dilidir. \n\nAncak, Türkçe\'de bazı özel dil kelimeleri veya anlamlar, genellikle Türkçede yer almayabilirler. Örneğin, ""artık"" kelimesi Türkçe\'de ""today"" anlamına gelirken, ""yap"" kelimesi ise Türkçe\'de ""do"" anlamına gelir. Ancak bu şekilde, Türkçe\'deki çoğu dil kelimesi, genel olarak Türkçedeki dil kelimelerine karşılık gelir.\n\nSonuç olarak, Türkiye\'nin resmi dili, Türkçedir ve genellikle Türkçede yer alır.'}","{'rouge1': Score(precision=0.24855491329479767, recall=0.4777777777777778, fmeasure=0.32699619771863114), 'rouge2': Score(precision=0.09302325581395349, recall=0.1797752808988764, fmeasure=0.12260536398467432), 'rougeL': Score(precision=0.1676300578034682, recall=0.32222222222222224, fmeasure=0.22053231939163498)}",0.24712252126401751,0.15741628363558732
"{'id': 21, 'model': 'Qwen2.5-1.5B-Instruct', 'question': ""Anayasa madde 3, türkiye'nin başkentini nasıl belirler"", 'reference': ""Anayasa madde 3, türkiye'nin başkentini ankara olarak belirler. başkent ankara, türkiye'nin siyasi, idari ve kültürel merkezi olarak kabul edilir. ankara'nın başkent olarak seçilmesi, kurtuluş savaşı sırasında stratejik bir konumda bulunması ve bağımsızlık mücadelesinde önemli bir rol oynaması nedeniyle tercih edilmiştir. başkent, türkiye'nin yönetim merkezi olarak tüm devlet organlarının ve kamu kurumlarının bulunduğu yerdir."", 'prediction': 'Türkiye\'nin başkenti, Ulusal Anayasası (UAN) genel anlatımı çerçevesinde şu şekilde belirlenmiştir:\n\n1. UAN\'da Türkiye\'nin başkenti belirtilmeyen önemli bir anaşamda yer almaktadır.\n\n2. Belirli bir yer olarak belirlenen ""yönetici mevkidağı"" veya ""ülke merkezi"" olarak adlandırılır.\n\n3. Bu yer, ülkenin yönetim ve yöneticilik görevleri yerine getirilmesi gereken alanların yanı sıra, siyaset, finansal kurumlar gibi önemli kuruluşların yerini alabilir.\n\n4. Belirli bir yer olarak belirlenen ""yönetici mevkidağı"" olarak adlandırılan yer, Ulusal Anayasası\'nın temel anlatımını oluşturmaya yardımcı olur.\n\n5. Belirtildiği gibi, Türkiye\'nin başkenti Ulusal Anayasası\'nın temel anlatımıyla ve Türkiye\'nin uluslararası ilişkilerinin düzenlemesine yönelik tutarlı bir yere sahiptir.\n\n6. Bu belirleme, Ulusal Anayasası\'nın temel bir temel anlatımıdır ve bu belirtme, Ulusal Anayasası\'nın temel anlatımıyla birlikte de Türkiye\'nin uluslararası ilişkilerinin düzenlemesine katkıda bulunur.\n\nBu belirtme, Türkiye\'nin uluslararası ilişkilerini düzenlemek ve ülkenin dış politikalarını şekillendirmek için önemli bir faktör olarak değerlendirilmektedir.'}","{'rouge1': Score(precision=0.19402985074626866, recall=0.47560975609756095, fmeasure=0.2756183745583039), 'rouge2': Score(precision=0.065, recall=0.16049382716049382, fmeasure=0.09252669039145908), 'rougeL': Score(precision=0.11442786069651742, recall=0.2804878048780488, fmeasure=0.1625441696113074)}",0.24712252126401751,0.15741628363558732
"{'id': 22, 'model': 'Qwen2.5-1.5B-Instruct', 'question': ""Anayasa madde 3'te türkiye'nin bayrağı nasıl tanımlanır"", 'reference': ""Anayasa madde 3'te türkiye'nin bayrağı, beyaz ay yıldızlı al bayrak olarak tanımlanır. bu bayrak, kırmızı zemin üzerine beyaz ay ve yıldız sembollerini içerir. türkiye'nin bayrağı, milli birlik ve beraberliğin, bağımsızlığın ve egemenliğin sembolüdür. bayrağın rengi ve sembolleri, türk milletinin tarihsel ve kültürel değerlerini yansıtır. bayrak, devletin ve milletin onuru ve gururu olarak kabul edilir."", 'prediction': 'Türk Anayasası, 1980 yılında yapılan bir anayasaya göre Türkiye\'nin bayrak bilgisi genellikle ""Türkiye"" kelimesiyle ifade edilir. Bu bayraktaki Türkiye kelimesi, Türkiye\'nin adı ve nüfusu anlamına gelir.\n\nAncak, 2016\'da yapılan yeni bir anayasada bu konuda daha fazla detay verilmiştir:\n\n1. ""Türkiye"" kelimesi: Bu kelime Türkiye\'nin ismi ve nüfusu anlamında kullanılır.\n\n2. Bayrak bilgisi: Türkiye\'nin bayrak bilgisi ""Türkiye"" kelimesinin sonucu olarak da anılır.\n\nBu yeni bir anayasadaki değişiklikler, Türkiye\'nin uluslararası ilişkilerindeki etkinliğini artırmayı amaçlamıştır.\n\nSonuç olarak, Türkiye\'nin bayrak bilgisi genellikle ""Türkiye"" kelimesiyle ifade edilir. Ancak, 2016\'da yapılan yeni bir anayasada bu bayraktaki kelime, Türkiye\'nin adı ve nüfusu anlamına gelir.'}","{'rouge1': Score(precision=0.1875, recall=0.32926829268292684, fmeasure=0.2389380530973451), 'rouge2': Score(precision=0.04895104895104895, recall=0.08641975308641975, fmeasure=0.0625), 'rougeL': Score(precision=0.125, recall=0.21951219512195122, fmeasure=0.15929203539823011)}",0.24712252126401751,0.15741628363558732
"{'id': 23, 'model': 'Qwen2.5-1.5B-Instruct', 'question': ""Anayasa madde 3'e göre, türkiye'nin milli marşı nedir"", 'reference': ""Anayasa madde 3'e göre, türkiye'nin milli marşı i̇stiklal marşı'dır. i̇stiklal marşı, 12 mart 1921 tarihinde türkiye büyük millet meclisi tarafından kabul edilmiştir. milli marş, türk milletinin bağımsızlık ve özgürlük mücadelesini, vatan sevgisini ve milli birliği ifade eder. i̇stiklal marşı, mehmet akif ersoy tarafından yazılmış ve osman zeki üngör tarafından bestelenmiştir. milli marş, devletin ve milletin sembollerinden biri olarak resmi törenlerde ve önemli günlerde söylenir."", 'prediction': 'Türkiye\'nin milli marşının anayasada yer almadığı için belirli bir anayasa madde 3\'ünde belirtilen bir isim veya ad bulunmaz. Türkiye\'nin milli marşının ismi ve özellikleri genellikle bu anaya dayanır ancak bu anayasa hakkında bilgi vermek zor olabilir çünkü Türkiye\'nin mevcut anayasaları çoğunlukla 1982\'te değişmiştir.\n\nTürkiye\'nin milli marşının en yaygın olarak kabul edilen isim ""Milli Marş"" olarak da bilinen, şu anki hükümet tarafından kullanılan ve halka açık bir marştır. Ancak, bu marşun anayasada belirtilmemesi nedeniyle genellikle ""Türkiye\'nin Milli Marşı"" şeklinde de ifade edilir.\n\nÖzellikle, bu marşın ""Müslümanlar için"" olduğu söylenmesine rağmen, Türkiye\'nin birçok diğer grupların de kullanıldığı ve özellikle gençler arasında popüler olduğu görülmektedir. \n\nSonuç olarak, Türkiye\'nin milli marşı genellikle ""Türkiye\'nin Milli Marşı"" olarak kabul edilmektedir, ancak anayasadaki belirtmeden önce bu isim veya adın doğru olduğunu kontrol etmen gerekebilir.'}","{'rouge1': Score(precision=0.20855614973262032, recall=0.4148936170212766, fmeasure=0.2775800711743772), 'rouge2': Score(precision=0.05913978494623656, recall=0.11827956989247312, fmeasure=0.07885304659498207), 'rougeL': Score(precision=0.13903743315508021, recall=0.2765957446808511, fmeasure=0.18505338078291816)}",0.24712252126401751,0.15741628363558732
"{'id': 24, 'model': 'Qwen2.5-1.5B-Instruct', 'question': 'Anayasa madde 3, devletin bütünlüğü kavramını nasıl açıklar', 'reference': ""Anayasa madde 3, devletin bütünlüğü kavramını, türkiye'nin ülkesi ve milletiyle bölünmez bir bütün olduğu şeklinde açıklar. devletin bütünlüğü, ülke sınırları içinde bölünme ve ayrılmanın kabul edilmediği anlamına gelir. bu ilke, türkiye'nin toprak bütünlüğünü ve milli birliğini koruma amacını taşır. devletin bütünlüğü, anayasal bir ilke olarak türkiye'nin siyasi, idari ve coğrafi birliğini sağlar ve bu birliğin korunmasını güvence altına alır."", 'prediction': 'Anayasa madde 3\'nin ""devletin bütünlüğü"" kavramının açıklaması şu şekildedir:\n\nDevletin bütünlüğü, devletin kendine özgü bir bütçeye sahip olduğunu ifade eder. Bu bütçe, devletin işlerini yapan tüm faaliyetleri kapsar ve bu faaliyetler genellikle mali faaliyetlerdir.\n\nBu, devletin herhangi bir faaliyeti için bütçesi olur. Örneğin, eğitim faaliyetleri için eğitim bütçesi, sağlık faaliyetleri için sağlık bütçesi vb. bu tür faaliyetlere ait bütçeleri kapsar.\n\nBütün bu faaliyetlerin toplamı, devletin bütünlüğünü oluşturur. Bu, devletin bütünlüğü, bütçenin tamamen yönetilebilmesi, bütçenin bütçesinin bütçesine döndürülemez olmasını sağlar.\n\nSonuç olarak, devletin bütünlüğü, devletin mali faaliyetlerini kapsayan bütçeyi temsil etmektedir ve bu bütçeyi yönetme yetkisi ve sorumluluğu devletin üst düzey yetkililer tarafından taşır.'}","{'rouge1': Score(precision=0.31176470588235294, recall=0.5247524752475248, fmeasure=0.39114391143911437), 'rouge2': Score(precision=0.1301775147928994, recall=0.22, fmeasure=0.16356877323420077), 'rougeL': Score(precision=0.21764705882352942, recall=0.36633663366336633, fmeasure=0.2730627306273063)}",0.24712252126401751,0.15741628363558732
"{'id': 25, 'model': 'Qwen2.5-1.5B-Instruct', 'question': ""Anayasa madde 3'te yer alan devletin bölünmez bütünlüğü ne anlama gelir"", 'reference': ""Anayasa madde 3'te yer alan devletin bölünmez bütünlüğü, ülke sınırları içinde bölünme ve ayrılmanın kabul edilmediği anlamına gelir. bu ilke, türkiye'nin toprak bütünlüğünü ve milli birliğini koruma amacını taşır. devletin bölünmez bütünlüğü, türkiye'nin siyasi, idari ve coğrafi birliğini sağlar ve bu birliğin korunmasını güvence altına alır. bu anlayış, türkiye'nin topraklarının ve milli birliğinin korunmasını ve dış tehditlere karşı savunulmasını hedefler."", 'prediction': 'Devletin bölünmez bütünlüğünü (Sözleşmeli Bütünleşme) Anayasa Madde 3\'ünde belirli bir yere sahiptir. Bu madde, devletin bütçelerinin ve maliyetlerinin toplamı, bütçesinin her bir parçasının bütçeye göre oranını hesaplamak için kullanılır.\n\nBu formula şu şekildedir:\n\n```\nBölgü Bölümü = Σ (Parça Parçacığı / Toplamların Oranı)\n```\n\nBurada ""Σ"" kuralı, toplamdan bahsediyor, ""Parça Parçacığı"" ise bütçe veya maliyetin bir parçası, ""Toplamların Oranı"" ise bu parçenin bütçede % oranıdır.\n\nBu formülün anlamı, devletin bütçesi içindeki tüm bütçeleri toplamak için kullanılan bir metot olarak görülmektedir. Her bütçe veya maliyetin bütçeye oranı, bu bütçe veya maliyetin bütçedeki orantısını temsil eder.\n\nBu metodu uygulama, bütçe管理系统 gibi sistemlerde genellikle kullanılır. Bu sistem, bütçe sisteminin her bir bütçe veya maliyetin bütçede nasıl yer alacağına dair bilgi sağlar ve bu bilgi, bütçe düzenlemelerinde kullanılabilir.'}","{'rouge1': Score(precision=0.24242424242424243, recall=0.46601941747572817, fmeasure=0.31893687707641194), 'rouge2': Score(precision=0.09644670050761421, recall=0.18627450980392157, fmeasure=0.12709030100334448), 'rougeL': Score(precision=0.15151515151515152, recall=0.2912621359223301, fmeasure=0.19933554817275748)}",0.24712252126401751,0.15741628363558732
"{'id': 26, 'model': 'Qwen2.5-1.5B-Instruct', 'question': ""Anayasa madde 3, türkiye'nin milli marşını hangi tarihte kabul edildiğini belirtir mi"", 'reference': ""Anayasa madde 3, türkiye'nin milli marşı olan i̇stiklal marşı'nın 12 mart 1921'de kabul edildiğini belirtir. i̇stiklal marşı, kurtuluş savaşı sırasında türk milletinin bağımsızlık ve özgürlük mücadelesini yansıtan bir marş olarak kabul edilmiştir. milli marş, türk milletinin vatan sevgisini, bağımsızlık ve özgürlük ruhunu ifade eder. i̇stiklal marşı, devletin ve milletin sembollerinden biri olarak resmi törenlerde ve önemli günlerde söylenir."", 'prediction': ""Türkiye'nin Milli Marşı'nu anayasa madde 3'ün genel çıkarlarını ve hukuki düzenlemelerine dayanarak temsil etmektedir. Ancak, bu madde'nin tarihini belirtmek için ayrıcalıklı bilgiler gereklidir (örneğin, anayasada belirli tarihlerdeki değişiklikleri). Bu bilgiye erişim için genellikle eserlerin kaynağı veya anayasa anlatım kitaplarının sayfalarına başvurmanızı öneririm.""}","{'rouge1': Score(precision=0.2698412698412698, recall=0.19540229885057472, fmeasure=0.22666666666666666), 'rouge2': Score(precision=0.11290322580645161, recall=0.08139534883720931, fmeasure=0.0945945945945946), 'rougeL': Score(precision=0.1746031746031746, recall=0.12643678160919541, fmeasure=0.14666666666666667)}",0.24712252126401751,0.15741628363558732
"{'id': 27, 'model': 'Qwen2.5-1.5B-Instruct', 'question': ""Anayasa madde 3'te türkiye'nin bayrağıyla ilgili hangi renk ve semboller tanımlanmıştır"", 'reference': ""Anayasa madde 3'te türkiye'nin bayrağı, kırmızı zemin üzerine beyaz ay ve yıldız sembolleri ile tanımlanmıştır. bayrağın rengi kırmızı, türk milletinin bağımsızlık ve özgürlük mücadelesini simgeler. beyaz ay ve yıldız sembolleri ise, türk milletinin tarihsel ve kültürel değerlerini yansıtır. bayrak, milli birlik ve beraberliğin, bağımsızlığın ve egemenliğin sembolüdür. türkiye'nin bayrağı, devletin ve milletin onuru ve gururu olarak kabul edilir."", 'prediction': 'Türk Anayasası\'ndaki ""Bayrak"" ifadesinin belirli bir renkte ve şekillerde gösterilmeye devam eder, bu durum genellikle Anayasada yer alan diğer resimlerle benzer şekilde anlaşılmaktadır.\n\n1. Renk: Anayasada ""Bayrak"" ifadesi genellikle beyaz veya sari renkle ifade edilir. Bu renkler, Türk ülkenin temel değerlerini yansıtan beyaz ve sari renklere benzediği düşünülebilir.\n\n2. Şekiller: Bayrak genellikle iki parmaklık şeklinde hareket eden bir figürü içermektedir. Bu, Türk ülkesinin iyi yönetimi ve barışçılığını ifade etmektedir.\n\nBu gibi özellikleri genellikle Anayasadan bağımsız olarak kullanılarak belirlenen, Türk ülkeye özgü bayrak bilgilerine sahip olabilir. Ancak, bu bilgiler genellikle resmi kaynaklardan alınır ve genellikle Türkçe\'den yazılmıştır.\n\nİşte bu konuda önemli olan, Türk Hukuki Merkezinden verilen bilgiye göre, Türk Anayasası\'nda ""Bayrak"" ifadesi genellikle beyaz veya sari renkle, iki parmaklık şeklinde hareket eden bir figürü içermektedir.'}","{'rouge1': Score(precision=0.2147239263803681, recall=0.3684210526315789, fmeasure=0.2713178294573643), 'rouge2': Score(precision=0.037037037037037035, recall=0.06382978723404255, fmeasure=0.04687499999999999), 'rougeL': Score(precision=0.10429447852760736, recall=0.17894736842105263, fmeasure=0.1317829457364341)}",0.24712252126401751,0.15741628363558732
"{'id': 28, 'model': 'Qwen2.5-1.5B-Instruct', 'question': 'Anayasa madde 3, resmi dilin kullanım alanları hakkında ne tür düzenlemeler getirir', 'reference': ""Anayasa madde 3, resmi dil olan türkçenin tüm resmi yazışmalarda ve devlet kurumlarında kullanılması gerektiğini düzenler. resmi dilin türkçe olması, türkiye'nin kültürel bütünlüğünü ve milli kimliğini korumak amacıyla belirlenmiştir. türkçe, devletin tüm resmi işlemlerinde, eğitim kurumlarında ve kamu kurumlarında kullanılmak zorundadır. bu düzenleme, vatandaşlar arasındaki iletişimin sağlanması ve devletin resmi yazışmalarında dil birliğinin korunmasını temin eder."", 'prediction': 'Anayasa Madde 3, resmi dilin kullanım alanlarının belirlenmesi konusunda genel bir yasal düzenlemeyi içeriyor. Bu yasadaki düzenlemeler şunlar içermektedir:\n\n1. Anayasa Madde 3\'nin temel amacı: Dijital entegrasyonu ve yazılım teknolojilerinin etkisiz bir şekilde kullanılmasının engellenmesini amaçlamaktadır.\n\n2. Kullanım alanlarının sınıflandırılması:\n   - Açık kullanım alanları (Open Use Areas): Resmi dilin açık kullanım alanlarında kullanılan kaynakların kullanımını izler.\n   - Güvenli kullanım alanları (Secure Use Areas): Ancak bu alanlarda kullanıldığı resmi dilin güvenli kullanımı için belirlenen özel durumlar var.\n   - Uygulama kullanım alanları (Application Use Areas): Ancak bu alanlarda kullanılan resmi dilin uygulamalarında kullanılması için belirlenen özel durumlar var.\n\n3. Kullanım alanlarının belirlenmesi:\n   - Belirlenmiş kullanım alanlarına ait resmi dilin kullanımı için belirlenen özel koşullar vardır.\n   - Ancak bu durumu aşmak için resmi dilin kullanımını ""uygulamanın"" veya ""uygulamanın içinde"" olarak belirtmek gerekmektedir.\n\n4. Hükümetin kendi düzenleyicilerine verilen özel durumlar:\n   - İhtiyaçlar ve gereksinimlerin yerine getirilmesi için belirlenebilir.\n\n5. Ulusal hukuki kurumların rolü:\n   - Uluslararası hukuk ve bilgi kurumlarının belirlenen kullanım alanları hakkında bilgilere sahip olmasına yardımcı olacaktır.\n\n6. Yeterlilik ve etik değerlendirmesi:\n   - Resmi dilin kullanımının uygunluğunu ve etik değerlendirmesini sağlayacaktır.\n\nBu düzenlemeler genellikle resmi dilin kullanımının güvenli bir şekilde gerçekleştirilmesi için gereklidir. Ancak, belirlenen kullanım alanları doğrudan resmi dilin kullanımını kısıtlayan bir durum değildir; resmi dilin kullanımının genel bir etkinliği olduğunu vurgular.'}","{'rouge1': Score(precision=0.12582781456953643, recall=0.40425531914893614, fmeasure=0.1919191919191919), 'rouge2': Score(precision=0.029900332225913623, recall=0.0967741935483871, fmeasure=0.045685279187817264), 'rougeL': Score(precision=0.08609271523178808, recall=0.2765957446808511, fmeasure=0.1313131313131313)}",0.24712252126401751,0.15741628363558732
"{'id': 29, 'model': 'Qwen2.5-1.5B-Instruct', 'question': 'Anayasa madde 3, devletin başkentinin önemi hakkında ne tür açıklamalar yapar', 'reference': ""Anayasa madde 3, başkent ankara'nın türkiye'nin siyasi, idari ve kültürel merkezi olduğunu ve bu konumun değiştirilemeyeceğini açıklar. ankara'nın başkent olarak seçilmesi, kurtuluş savaşı sırasında stratejik bir konumda bulunması ve bağımsızlık mücadelesinde önemli bir rol oynaması nedeniyle tercih edilmiştir. başkent, türkiye'nin yönetim merkezi olarak tüm devlet organlarının ve kamu kurumlarının bulunduğu yerdir. ankara, türkiye cumhuriyeti'nin sembolik ve pratik olarak en önemli şehirlerinden biridir."", 'prediction': 'Anayasa Madde 3, devletin başkentinin önemi hakkında şu şekilde açıkça ifade edilir:\n\nDevlet, başkenti ve bireysel vatandaşların hakları için düzenli olarak yönetmelidir.\n\nBu anlayış, devletin bu önemli görevi doğrultusunda çalışmasını sağlamalıdır. Başkentin ve bireysel vatandaşların haklarına yönelik düzenlemeler, hukuki düzenlemeler ve politik düzenlemelerden oluşur.\n\nBunlar, devletin hukuki kontrolüne ve sınırlanmasına dayanan bir sistemdir. Bu düzenlemeler, vatandaşların güvenliğini sağlamak, politik stratejilerinin uygulaması ve bireysel vatandaşların özgürlüğü ve haklarını korumak amacıyla oluşturulmuştur.\n\nDolayısıyla, devletin başkentinin önemi, bu durumu göz önünde bulundurmak ve bu tür düzenlemeleri gerçekleştirmektedir. Devletin bu görevini yerine getirmek için, devletin yönetimindeki hukuki ve politik stratejiye dikkat etmek önemlidir.'}","{'rouge1': Score(precision=0.22077922077922077, recall=0.35051546391752575, fmeasure=0.27091633466135456), 'rouge2': Score(precision=0.0196078431372549, recall=0.03125, fmeasure=0.024096385542168676), 'rougeL': Score(precision=0.11688311688311688, recall=0.18556701030927836, fmeasure=0.14342629482071712)}",0.24712252126401751,0.15741628363558732
"{'id': 30, 'model': 'Qwen2.5-1.5B-Instruct', 'question': ""Anayasa madde 4'e göre, hangi hükümler değiştirilemez"", 'reference': ""Anayasa madde 4'e göre, anayasa'nın 1. maddesindeki devletin şeklinin cumhuriyet olduğu hükmü, 2. maddesindeki cumhuriyetin nitelikleri ve 3. maddesindeki devletin bütünlüğü, resmi dili, bayrağı, milli marşı ve başkenti ile ilgili hükümler değiştirilemez ve değiştirilmesi teklif dahi edilemez. bu hüküm, türkiye cumhuriyeti'nin temel değerlerini ve yapı taşlarını korumayı amaçlar."", 'prediction': ""Anayasa Madde 4'e göre, şu hükümler değiştirilemez:\n\n1. Kral veya sultanın mevkidağı olmayan kişi, kral veya sultanın görevini yapamaz.\n\n2. Ülkenin bir başka yerine geçmek için gerekli olan yasal düzenlemeleri tamamlamaz.\n\n3. Ulusunun temel ihtiyaçlarınıza yeterli olmayan yasaları tamamlamaz.\n\n4. Ulusunun temel ihtiyaçlarınıza yeterli olmayan yasa dışı işlemler yapmaz.\n\n5. Ulusunun temel ihtiyaçlarınıza yeterli olmayan yasa dışı kişileri tutar.\n\n6. Ulusunun temel ihtiyaçlarınıza yeterli olmayan yasa dışı ülkeleri işe almaz.\n\nBu hükümler, Anayasa Madde 4'ün temel amacı olarak kabul edilir ve bu hükümlerin değiştirilmemesi, Ulus'un temel değerlerinin korunması açısından önemlidir.""}","{'rouge1': Score(precision=0.24615384615384617, recall=0.4507042253521127, fmeasure=0.31840796019900497), 'rouge2': Score(precision=0.12403100775193798, recall=0.22857142857142856, fmeasure=0.16080402010050251), 'rougeL': Score(precision=0.14615384615384616, recall=0.2676056338028169, fmeasure=0.18905472636815918)}",0.24712252126401751,0.15741628363558732
"{'id': 31, 'model': 'Qwen2.5-1.5B-Instruct', 'question': 'Anayasa madde 4, değiştirilemeyecek hükümleri nasıl güvence altına alır', 'reference': ""Anayasa madde 4, değiştirilemeyecek hükümleri anayasal güvence altına alarak, bu hükümlerin değiştirilemeyeceğini ve değiştirilmesinin teklif dahi edilemeyeceğini belirtir. bu madde, türkiye cumhuriyeti'nin temel yapı taşlarını ve devletin temel ilkelerini koruma amacı taşır. anayasanın bu hükmü, türkiye'nin devlet yapısının ve yönetim biçiminin sürekliliğini temin eder."", 'prediction': 'Anayasa Madde 4, ""Tercümanların haklarını korumak ve yasaları tamamlayacak şekilde hazırlamak"" gibi temel amaçları vardır. Bu maklidan doğrudan doğrulanmaz olan veya değiştirilemeyecek hükümler, bu maklere yer verilir. İşte bunu yapmanın bazı yöntemleri:\n\n1. Temel Hukuki Kavramlar: Genellikle bu kavramlar, genellikle ""Hükümetin hakları"", ""Kulüp hakları"" vb. olarak adlandırılır.\n\n2. Anayasada Bulunan Kısıtlar: Anayasa\'da belirli kıslatılan hükümler, bu kılavuzlarda genellikle ""Kısıtlar"" olarak adlandırılır.\n\n3. Sivil Haklar: Bazı haklar genellikle, sivil haklara (halka özgü haklar) ait olabilirler. Bununla birlikte, bu haklar genellikle temel hukuki kavrama dahil değildir.\n\n4. Anayasa\'nın Temel Hükümeti: Temel hukuki kavramları ve kılavuzu temel hukuki sistemine eklemek için, bu tür haklar genellikle temel hukuki kavramlarına göre sınıflandırılır.\n\n5. Yasa Kullanımı: Yasa kullanımı, temel hukuki kavramların uygulanması için gerekli olduğu sürece devreye girer.\n\n6. Temel Hukuki Kavramların Güvenliği: Temel hukuki kavramları, yani temel hakları, genellikle değişiklik yapan haklardan daha güvenli görülmektedir.\n\n7. Tarihsel Konumu: Temel haklar genellikle, tarihsel bağlamda her zaman mevcut olduğunu varsayar, bu da değiştirilemezliği teşvik eder.\n\n8. Anayasa\'nın Temel Hükümeti: Temel haklar genellikle temel hukuki sistemini oluşturan kavramlardır, bu yüzden değişiklik yapan haklardan daha güvenli görülür.\n\nBu süreç genellikle Anayasa\'nın temel h'}","{'rouge1': Score(precision=0.13011152416356878, recall=0.47297297297297297, fmeasure=0.2040816326530612), 'rouge2': Score(precision=0.041044776119402986, recall=0.1506849315068493, fmeasure=0.06451612903225806), 'rougeL': Score(precision=0.09293680297397769, recall=0.33783783783783783, fmeasure=0.1457725947521866)}",0.24712252126401751,0.15741628363558732
"{'id': 32, 'model': 'Qwen2.5-1.5B-Instruct', 'question': ""Anayasa madde 4'e göre, cumhuriyetin nitelikleri neden değiştirilemez"", 'reference': ""Anayasa madde 4'e göre, cumhuriyetin nitelikleri, türkiye'nin temel değerlerini ve devletin yapı taşlarını oluşturduğu için değiştirilemez. bu nitelikler, demokratik, laik, sosyal bir hukuk devleti olma özelliklerini içerir ve türkiye'nin modernleşme sürecinde önemli rol oynamıştır. cumhuriyetin nitelikleri, türkiye'nin siyasi ve sosyal yapısının temelini oluşturur ve bu nedenle korunmaları esastır."", 'prediction': 'Anayasada ""cumhuriyetin nitelikleri"" (artık Cumhurbaşkanlığı\'nın niteliğini) değiştirilemez olan kısıtlama bulunmamaktadır. Bu kısıtlama genellikle ""kurulusunun niteliği"" veya ""kurulunun niteliği"" olarak da ifade edilir.\n\nKısacası, cumhuriyetin niteliklerinin değişmesi durumda, bu nitelikleri değiştirebilirsiniz ancak herhangi bir değişiklik yaparken, bu değişiklikleri anayasaya uygun hale getirmemiz gerekmektedir. \n\nBu durumu unutmayın:\n\n1. Anayasada bu niteliklerin değiştirilemez olduğunu belirttiğinden.\n2. Herhangi bir değişiklik yaparken, bu değişiklikleri anayasaya uygun hale getirmemiz gerekmektedir.\n\nBöylece, herhangi bir nitelik değişikliği için, bu nitelikleri anayasaya uygun hale getirmemiz gerekir. Ancak bu değişiklikler, cumhuriyetin niteliklerinin tamamen yeniden tanımlanması olmasından emin olmalıyız.'}","{'rouge1': Score(precision=0.15267175572519084, recall=0.2702702702702703, fmeasure=0.19512195121951217), 'rouge2': Score(precision=0.038461538461538464, recall=0.0684931506849315, fmeasure=0.04926108374384237), 'rougeL': Score(precision=0.0916030534351145, recall=0.16216216216216217, fmeasure=0.11707317073170732)}",0.24712252126401751,0.15741628363558732
"{'id': 33, 'model': 'Qwen2.5-1.5B-Instruct', 'question': ""Anayasa madde 4'te belirtilen hükümler arasında neler yer alır"", 'reference': ""Anayasa madde 4'te belirtilen hükümler arasında devletin şekli, cumhuriyetin nitelikleri ve devletin bütünlüğü yer alır. bu hükümler, türkiye cumhuriyeti'nin temel yapı taşlarını oluşturur ve anayasal güvence altına alınmıştır. bu hükümler, devletin temel değerlerini koruma amacı taşır ve değiştirilmeleri teklif edilemez."", 'prediction': 'Anayasa Madde 4, ""Sürekli Hükümeti"", olarak adlandırılan anayasa bölümüdür ve bu bölüm genellikle ülkenin hukuki düzenini ve yetkililerin rolünü tanıtmak için kullanılır.\n\nBu bölümde belirlenen bazı önemli hükümler:\n\n1. Hükümetin yapısı: Ülkede bir müzakereli hükümeti vardır. Bu hükümet, devletin temel kurumlarını oluşturur ve yönetir.\n\n2. Hükümetin görevleri: Hükümet, askeri güçlerin yönetimine, milletvekili seçimin kararlarına, devlet bütçesinin yönetimiyle ilgilenir.\n\n3. Devletin kontrolü: Hükümet, devletin tüm kuvvetlerinden (yani askeri güçlerden) kontrol edebilir ve bu kuvvetlerin yönetimiyle ilgilenir.\n\n4. Devletin yetki sınırları: Devletin yetkisi, ülkenin politik ve ekonomik durumları doğrultusunda değişebilir.\n\n5. Devletin yasalarını düzenleme hakları: Devletin yasalarını düzenleme hakkına sahip olabilir.\n\n6. Devletin siyasi yetkilerini değiştirmek için gerekli önerecekler: Bu konuda genellikle bir muhalefet veya demokratik mevzuatta bulunmalıdır.\n\n7. Devletin siyasi yetkilerini değiştirme hakkı: Bu konuda genellikle bir muhalefet veya demokratik mevzuatta bulunmalıdır.\n\n8. Devletin siyasi yetkilerini değiştirmek için gerekli önerecekler: Bu konuda genellikle bir muhalefet veya demokratik mevzuatta bulunmalıdır.\n\n9. Devletin siyasi yetkilerini değiştirme hakkı: Bu konuda genellikle bir muhalefet veya demokratik mevzuatta bulunmalıdır.\n\n10. Devletin siyasi yetkilerini değiştirme hakkı: Bu konuda genellikle bir muhalefet veya demokratik mevzuatta bulunmalıdır.\n\nBunların yanı sıra, Anayasa Madde'}","{'rouge1': Score(precision=0.12734082397003746, recall=0.5230769230769231, fmeasure=0.20481927710843373), 'rouge2': Score(precision=0.06015037593984962, recall=0.25, fmeasure=0.09696969696969697), 'rougeL': Score(precision=0.10112359550561797, recall=0.4153846153846154, fmeasure=0.16265060240963855)}",0.24712252126401751,0.15741628363558732
"{'id': 34, 'model': 'Qwen2.5-1.5B-Instruct', 'question': 'Anayasa madde 4, değiştirilemeyecek hükümleri hangi yolla korur', 'reference': ""Anayasa madde 4, değiştirilemeyecek hükümleri anayasal düzenlemelerle korur ve bu hükümlerin değiştirilmesini teklif etmeyi yasaklar. bu hüküm, türkiye cumhuriyeti'nin temel ilkelerini ve devlet yapısını koruma amacı taşır. anayasanın bu maddesi, temel değerlerin ve yapı taşlarının sürekliliğini ve korunmasını sağlar."", 'prediction': 'Türk Anayasası\'nda, değiştirilemeyecek hükümlerle ilgili bazı kurallar vardır. Bu kurallar, genellikle ""Değiştirilemezlik"" veya ""Sıfır Değişme"" adı verilen hükümlerin korunmasını sağlar.\n\nÖncelikle, bu hükümlerin belirli bir tarafta yer alan şartları olmamasını unutmamak önemlidir. Örneğin, bir ülkedeki hukuka uygulanan hükümler, ülkeden başka bir ülkeye aktarılmadan önce belirlenmiş şartların altında olmalıdır.\n\nİkinci olarak, her değiştirilemezlik için belirli bir süre (generallerden 10 yıl, muhtemelen diğer durumlarda 5-7 yıl) geçmesi gereken zamanlıdır. Bu süre, hükümlere uymayan yeni hukuki düzenlerin oluşturulması ve bu düzenlerin kabul edilmesi için gerekli olan bir süre anlamına gelir.\n\nÜlkede uygulanmış bir hukuka uygulanan değiştirilemezlik, genellikle bu hukükle ile ilgili özel bir mevzuatta belirtilmiştir. Örneğin, bir ülkedeki bir meseleye ilişkin değiştirilemezlik, bu meseleye ilişkin özel bir mevzuata sahiptir.\n\nSon olarak, değiştirilemezlik, genellikle belirli bir tarihe kadar uymalıdır. Örneğin, bir ülkedeki bir hukükten sonraki belirsiz sürede uygulanmayan bir değiştirilemezlik, bu belirsiz süreye kadar uymalıdır.\n\nBu kurallar, Türk Anayasası\'nın belirli bir şekilde değiştirilemezlik sistemini sağlamakla ilgilidir. Ancak, bu kuralların tam anlayışı ve uygulamaları genellikle bir hukuki yetkilinin veya bir hukuki savcının bilgiye dayanır.'}","{'rouge1': Score(precision=0.124, recall=0.484375, fmeasure=0.19745222929936304), 'rouge2': Score(precision=0.05622489959839357, recall=0.2222222222222222, fmeasure=0.08974358974358974), 'rougeL': Score(precision=0.088, recall=0.34375, fmeasure=0.14012738853503184)}",0.24712252126401751,0.15741628363558732
"{'id': 35, 'model': 'Qwen2.5-1.5B-Instruct', 'question': ""Anayasa madde 4'e göre, değiştirilemeyecek hükümler hangi sebeplerle korunur"", 'reference': ""Anayasa madde 4'e göre, değiştirilemeyecek hükümler, türkiye cumhuriyeti'nin temel değerlerini ve yapısını korumak amacıyla korunur. bu hükümler, devletin temel ilkelerini, yönetim biçimini ve milli birliğini güvence altına alır. cumhuriyetin nitelikleri ve devletin bütünlüğü, türkiye'nin siyasi ve sosyal yapısının temelini oluşturur ve bu nedenle korunmaları esastır."", 'prediction': ""Anayasa Madde 4'ün değiştirilemeyeceğini belirtirlerinin her seferinde, şu adımları takip edilmesi gerekebilir:\n\n1. Hükümetin yetkisi: Uluslararası anlaşma veya yasal düzenlemelerden doğan değişiklikleri yapmak için, bu yetkiye sahip olmalıdır.\n\n2. Anayasada yer alması gereken hak ve yetki: Anaya dahil olan haklara ve yetkilere uygulanmalıdır.\n\n3. Yasa dışı ilgili tarihsel durumlar: İlişkin tarihli durumların tam olarak çözülmemişse, değiştirme yolu yoktur.\n\n4. Hukuki mevzuat: Belirtilen hukuki mevzuatta yer almamışsa, değiştirme yolu yoktur.\n\n5. Uygunluğa uygun: Belirlenen mevcut hukuk uygunluğu sağlaması gerekmektedir.\n\n6. Hukuk sisteminde yer tutulması gereken maddeler: Belirlenen maddelerin yerine yerleştirilmemesi gerekmektedir.\n\n7. Genel hukuki anlayışı: Genel hukuki anlayışları ve iddialarını korur.\n\n8. Yasa dışı durumlar: Belirlenen hukuki durumların tam olarak çözülmemişse, değiştirme yolu yoktur.\n\n9. Uzaktan değişim: Anayasa'yı temsil eden dış güçlere yapılan değişimlerle ilgili de kontrol edilmeli.\n\nBu kriterlere uymayan durumlarda, değişiklik yapan kişiye yasaların değiştirilmesini teklif etmek zorundadır.""}","{'rouge1': Score(precision=0.11518324607329843, recall=0.2972972972972973, fmeasure=0.1660377358490566), 'rouge2': Score(precision=0.021052631578947368, recall=0.0547945205479452, fmeasure=0.030418250950570342), 'rougeL': Score(precision=0.08376963350785341, recall=0.21621621621621623, fmeasure=0.12075471698113209)}",0.24712252126401751,0.15741628363558732
"{'id': 36, 'model': 'Qwen2.5-1.5B-Instruct', 'question': ""Anayasa madde 4'e göre, anayasa değişikliği tekliflerinin sınırları nelerdir"", 'reference': ""Anayasa madde 4'e göre, anayasa değişikliği teklifleri, değiştirilemez hükümlerin değiştirilmesini içeremez. bu hüküm, anayasanın temel ilkelerinin ve devlet yapısının korunmasını güvence altına alır. anayasa değişikliği teklifleri, devletin şekli, cumhuriyetin nitelikleri ve devletin bütünlüğü ile ilgili hükümlerin değiştirilmesini öneremez."", 'prediction': 'Anayasa değişikliği teklifi, Anayasa Mahkemesi tarafından yapılan ve devletin genel çıkarlarını değiştirmek amacıyla yapılır. Bu teklif, devletin anayasal düzenine dair önemli bir değişiklik gerektiren durumlarda yapılır.\n\n1. **Kurumsal Durumlar**: Devletin genel çıkarlarını değiştirmek için gerekli olan kurumsal durumlar:\n   - Devletin genel çıkarlarını değiştirmenin gerekli olduğu.\n   - Anayasa değişikliği teklifi, devletin genel çıkarını değiştirmesi gereken önemli bir duruma sahip olmalıdır.\n\n2. **Uygulama Durumu**: Uygulamada mevcut bir hukuki sistemi veya düzeni değiştirmek için gerekli olan durumlar:\n   - Hükümetin hukuki sisteminin veya düzeninin uygulanmaya gerek kalmadığı.\n   - Anayasa değişikliği teklifi, hukuki sistemini veya düzenini değiştirme gereken önemli bir duruma sahip olmalıdır.\n\n3. **Anayasa Hakkı**: Teklifin doğruluğunu ve geçerliliğini sağlamak için gerekli olan durumlar:\n   - Anayasa hukuka dayanıklı olması gerekmektedir.\n   - Teklifin devletin genel çıkarlarını değiştirmesine izin vermektedir.\n\n4. **Hukuki Durum**: Teklifin doğruluğunu ve geçerliliğini sağlamak için gerekli olan durumlar:\n   - Teklifin hukuki yapısı ve etik temelleri uygun olduğundan emin olmak.\n   - Teklifin devletin genel çıkarlarını değiştirmeye izin vermektedir.\n\n5. **Demokratik Durum**: Teklifin demokratik bir süreç içinde alınması gerekiyor:\n   - Devletin genel çıkarlarını değiştirmeyi kabul edecek bir sistemde gerçekleşmelidir.\n   - Teklifin yasal ve demokratik olarak kabul edilebilmesi garanti edilmeli.\n\n6. **Tüm Kurallar**: Teklifin tüm devletin gen'}","{'rouge1': Score(precision=0.1423076923076923, recall=0.5362318840579711, fmeasure=0.2249240121580547), 'rouge2': Score(precision=0.05405405405405406, recall=0.20588235294117646, fmeasure=0.08562691131498472), 'rougeL': Score(precision=0.09230769230769231, recall=0.34782608695652173, fmeasure=0.14589665653495443)}",0.24712252126401751,0.15741628363558732
"{'id': 37, 'model': 'Qwen2.5-1.5B-Instruct', 'question': ""Anayasa madde 5'e göre, devletin temel amaçları nelerdir"", 'reference': ""Anayasa madde 5'e göre, devletin temel amaçları, türk milletinin bağımsızlığını ve bütünlüğünü korumak, ülkenin bölünmezliğini sağlamak, cumhuriyeti ve demokrasiyi korumak ve atatürk milliyetçiliğine bağlı kalmaktır. devlet, bu amaçları gerçekleştirmek için anayasal düzenlemeler ve politikalar uygular. bu amaçlar, türkiye cumhuriyeti'nin temel değerlerini ve devletin yapı taşlarını koruma amacını taşır."", 'prediction': 'Devlet anayasası, devletin temel amaçlarını ve görevlerini belirleyen ana bir yazar olur. Bu amaca ve görevleri yerine getiren bir anlayıştır.\n\n5. Anayasa Madde: Devletin temel amaçları\n\nDevletin temel amaçları, ülkenin bütünlük ve demokratik yaşamlarını korumak, insan haklarını korumak ve bunun için düzenli ve güvenli bir hükümet kurmak gibi önemli sorumlulukları içerir.\n\nBu amaçlar, devletin her türlü görevi ve görevlerini tanımlamaktadır:\n\n1. Ülkenin bütünlüğünü koruma:\n   - Ulusal toplumu korumak\n   - Uluslararası ilişkileri yönetmek\n   - Uluslararası faaliyetleri takip etmek\n\n2. Demokratik yaşamı koruma:\n   - Yargıca yetkilileri (yöneticilere) seçmeli bir hükümet oluşturmak\n   - Hükümetin seçimlerin sonucuna dayanarak yönetimi yapması\n   - Uluslararası politika ile demokratik yasaları uygulaması\n\n3. İnsan haklarının koruma:\n   - İnsanların özgürlüğü ve özgürlük hakkıları korumak\n   - İnsan haklarının tutulduğu yerler aracılığıyla korunması\n   - İnsan haklarına ilişkin uluslararası faaliyetlerle ilgili bir tutum sunma\n\n4. Ulaşım ve barış:\n   - Uluslararası barışı sağlamak\n   - Uluslararası işbirliğini güçlendirme\n   - Uluslararası ilişkilerinde de demokratik değerleri koruma\n\n5. Uluslararası faaliyetlerle ilgili tutum sunma:\n   - Uluslararası faaliyetlerin anayasal standartlarına uygun olarak yürütülmesi\n   - Uluslararası faaliyetlerin yerel yönetimindeki yerine getirmesi\n   - Uluslararası faaliyetlerin ulusal düzeydeki etkinliklerle sonuçlanmasını sağlama\n\n6. Uluslararası politika ile ilgili tutum sunma:\n   - Uluslararası politikanın anayasal standartlarına uygun'}","{'rouge1': Score(precision=0.19291338582677164, recall=0.6125, fmeasure=0.2934131736526946), 'rouge2': Score(precision=0.07114624505928854, recall=0.22784810126582278, fmeasure=0.10843373493975904), 'rougeL': Score(precision=0.10236220472440945, recall=0.325, fmeasure=0.155688622754491)}",0.24712252126401751,0.15741628363558732
"{'id': 38, 'model': 'Qwen2.5-1.5B-Instruct', 'question': 'Anayasa madde 5, devletin görevlerini nasıl tanımlar', 'reference': ""Anayasa madde 5, devletin görevlerini, türk milletinin bağımsızlığını ve bütünlüğünü korumak, ülkenin bölünmezliğini sağlamak, cumhuriyeti ve demokrasiyi korumak ve atatürk milliyetçiliğine bağlı kalmak olarak tanımlar. devlet, bu görevleri yerine getirmek için anayasal düzenlemeler yapar ve politikalar uygular. bu görevler, türkiye'nin temel değerlerini ve devletin yapı taşlarını koruma amacını taşır."", 'prediction': 'Türk Anayasası\'ndaki Anayasa Madde 5, ""Devletin görevleri"" olarak adlandırılır ve şu şekilde tanımlanmaktadır:\n\n1. Devletin görevleri, halkı, milleti ve yerel toplumları için iyi yönetme ve bunların haklarını koruma konusundaki yasal düzenlemeleri içerir.\n\n2. Bu görevler, halkı ve milleti için yeterli ve yasanın yasal sınırları dışında bulunmayan yasa dışı eylemler yapmamakla beraber, halkı ve milletin haklarını korumakla ilgili olur.\n\n3. Halka ve millete olan haklar, halka ve millete verilen haklarla ilgilidir. Bu haklara ilişkin yasa dışı eylemleri yapmak veya bu hakların yerine diğer yasa dışı eylemleri gerçekleştirmek yerine, devletin yasadışı eylemlerin önlenmesi ve ihlali önlemesine dahil olmalıdır.\n\n4. Yasa dışı eylemleri yapmak veya bu hakların yerine diğer yasa dışı eylemleri gerçekleştirmek yerine, devletin yasadışı eylemlerin önlenmesi ve ihlali önlemesi gereken durumlarda, devletin yasadışı eylemleri önlemeye çalışması ve ihlali önlemeye çalışması gerekir.\n\nBu anlayış, devletin haklarını korumaya yönelik yasa dışı eylemlerin önlenmesi ve ihlalını önlemeyi amaçlamaktadır.'}","{'rouge1': Score(precision=0.1793478260869565, recall=0.42857142857142855, fmeasure=0.25287356321839083), 'rouge2': Score(precision=0.0546448087431694, recall=0.13157894736842105, fmeasure=0.0772200772200772), 'rougeL': Score(precision=0.11413043478260869, recall=0.2727272727272727, fmeasure=0.16091954022988506)}",0.24712252126401751,0.15741628363558732
"{'id': 39, 'model': 'Qwen2.5-1.5B-Instruct', 'question': ""Anayasa madde 5'e göre, devletin vatandaşlarına karşı sorumlulukları nelerdir"", 'reference': ""Anayasa madde 5'e göre, devletin vatandaşlarına karşı sorumlulukları, insan haklarına saygılı olmak, sosyal adaleti sağlamak, refah ve huzuru artırmak, milli dayanışma ve adaleti korumaktır. devlet, bu sorumlulukları yerine getirmek için anayasal düzenlemeler yapar ve politikalar uygular. bu sorumluluklar, devletin vatandaşlarına karşı olan görevlerini ve yükümlülüklerini belirler."", 'prediction': ""Devletin vatandaşlarına karşı sorumluluklar, Türkiye Hukuk Anayasası'nın (THA) 1982'te belirlenen anayasada yer alan Anayasa Madde 5'ün hükümlerine dayanır.\n\nBu hükümlerin genel olarak şöyle açıklanabilir:\n\n1. Devletin vatandaşlara karşı hukuki sorumluluklar: Devletin vatandaşlara karşı yasal sorumluluklar, temel olarak devletin vatandaşların hak ve özgürlüğüne saygı göstermesi gerektiği anlamına gelir.\n\n2. Hükümetin vatandaşlara karşı hukuki sorumluluklar: Hükmetin görevlerinde kullanılan hukuki yapının tamamı, vatandaşların hak ve özgürlüğünü korumaya yardımcı olur.\n\n3. İnsan haklarının ihlal edilmesinin devletin sorumluluğuna: İnsan haklarının ihlal edilmesi, insan haklarını koruyabilmek için gereken en temel hukuki yolu olarak değerlendirilebilir.\n\n4. Devletin vatandaşlara karşı hukuki sorumluluklar: Devletin vatandaşlara karşı hukuki sorumluluklar, vatandaşların hak ve özgürlüğüne saygı gösterme, vatandaşların insan haklarının korunması, insan haklarının ihlal edilmesini önlemeye yönelik olan hukuk yapısını oluşturmak için gereklidir.\n\n5. Hükmetin vatandaşlara karşı hukuki sorumluluklar: Hükmetin görevlerinde kullanılan hukuki yapının tamamı, vatandaşların hak ve özgürlüğüne saygı göstermesi gerektiği anlamına gelir.\n\n6. İnsan haklarının ihlal edilmesinin devletin sorumluluğuna: İnsan haklarının ihlal edilmesi, insan haklarını koruyabilmek için gereken en temel hukuki yolu olarak değerlendirilebilir.\n\n7. Devletin vatandaşlara karşı hukuki sorumluluklar: Devletin vatandaşlara karşı hukuki sorumluluklar, vatandaşların hak ve özgürlüğüne saygı gösterme, vatandaşların insan haklarının korunması, insan haklarının ihlal edilmesini önlemeye yönelik olan hukuk yapısını oluşturmak için gerekl""}","{'rouge1': Score(precision=0.11258278145695365, recall=0.5230769230769231, fmeasure=0.18528610354223432), 'rouge2': Score(precision=0.03986710963455149, recall=0.1875, fmeasure=0.06575342465753425), 'rougeL': Score(precision=0.0695364238410596, recall=0.3230769230769231, fmeasure=0.11444141689373297)}",0.24712252126401751,0.15741628363558732
